"","V1","V2"
"CATGGATGTGTGTGGA.1",0.978318919738672,0.000396603117646995
"TGAATGCAGAACCGCA.1",0.0000500540444444249,0.0584038105741652
"CAAAGAAGTAAGATAC.1",0.999507560458191,0.0000542967154945963
"GAATCACGTGAATTGA.1",0.605114332760121,0.0362896727241211
"CCCGGAATCCTTATAC.1",0.0000000000000000000000000000000469705130013657,0.909577464422795
"TTCTAACCACCAGGTC.1",0.0628335455488031,0.000015329460314997
"GAAGCCCTCGCGGTAC.1",0.0000000000000000000000000000000000000154057305921389,0.999050464773694
"GACCAATGTCTTCAAG.1",0.964069219912324,0.000380995999939956
"CCGTGAGCACGAGGTA.1",0.999999272319523,0.00000563540238286452
"CCGGTGACAAGAGGCT.1",0.00000000000423855543009887,0.000677693454254885
"CGGGTGTGTGTTAAAG.1",0.997977980010529,0.00191182964768187
"TGGTTAGAGCACTCCG.1",0.999919257441672,0.0000692166147552719
"ATCATTCTCATGCCGG.1",0.93919984843948,0.00315462563170857
"CACCAAAAGGGCAAGG.1",0.929955224823314,0.000072989926027575
"AGGAGGTAGATCGACG.1",0.967770389432354,0.00176079497444367
"TCGCTTGGTCGGTACC.1",0.991918381395392,0.0121325555888917
"GTTGAACGTCATTCCC.1",0.98608633456072,0.000925646801371859
"GAAGCGAAGCCGCACT.1",0.9999967389402,0.0000821579135776906
"GGCTGTGGTTCTCTAT.1",0.9996056245905,0.000587862256447705
"GTGGTTAGTCATGGCC.1",0.737820858931024,0.00426000683860999
"GGAATGGTCCCATAGA.1",0.914858510262215,0.0000460021299881653
"CTCCCAAAGGGCAGTT.1",0.923416495599285,0.000569165950598293
"TCTAACTCATTCTCTA.1",0.448351019960473,0.00249447822856693
"AAGGAATAGGAGGTTC.1",0.307058500882643,0.000708779858637728
"ACGTAGTTCGGATTAC.1",0.977019170322322,0.000738347351932084
"GGAACCCTCCCTCTCC.1",0.979369921480788,0.000444872268066677
"CACGTGGTCGGTCTAA.1",0.00000123462554339925,0.00000270146557410467
"CTCCCTCAGAGCTGAC.1",0.996774766565475,0.00194572867462397
"ATGTCTTGTTCGTGCG.1",0.999911359485075,0.000157418257128342
"CCCTCAATCTTCGGTC.1",0.00320716549522044,0.000870119134732625
"GAGTCATTCGGTTCAA.1",0.0359832984260306,0.164055911553425
"TTCCGTGAGATCGGTG.1",0.970350103597608,0.0000506429981621093
"TCACTATAGCTAAATG.1",0.937118720215224,0.00509552495515365
"TGATTCTAGTATAGGT.1",0.999996742920177,0.00000285190931280624
"CAATACGTCCATCTCG.1",0.990316951497839,0.000107833469137338
"TATCTGTTCGGAGCAA.1",0.0000000000000000000000000000000000000000000808881254130019,0.631334911051317
"TCTGTCGTCATTGCTT.1",0.24247264507886,0.0000065024103447578
"TTTATGCCAAATGCGG.1",0.052451818169809,0.47755922518181
"AGCCACGAGTAGAATC.1",0.976876903131959,0.000660495081333347
"TTGGGATTCAAGGACG.1",0.999999392351383,0.0000172673821697913
"CTGGTCTGTAACAAGT.1",0.0853434068171762,0.0000583876098235867
"ATACCTTTCCTCATAT.1",0.000000000000000000000000000000000000410262783355443,0.489882352169212
"CGTTGGGCATGGAACG.1",0.999883828828625,0.000476950924577288
"AGTCAACGTGTGCTTA.1",0.00000000000000000000000000000000000000000000322682674676076,0.0542256093184855
"TGGGAAGGTCAAGGCA.1",0.503976246805124,0.0275515089986363
"GAAGCGATCTCATGGA.1",0.999829350502009,0.000236951194914418
"TCTCCGATCCTTATCA.1",0.480832689489924,0.0066986903993433
"AAAGTGACAGGCATTT.1",0.00000000000000000000000000000000000000000000000990522782312025,0.98880558151694
"GTTGCTCTCGTCTACC.1",0.999982238156238,0.000951229565358421
"GGAATCTGTTGAGAGC.1",0.10320508340588,0.000429911809104271
"TTCTGTATCTAGCCTC.1",0.998042293207514,0.000632243748684097
"AAACGAACATCGCTCT.1",0.984893371540993,0.00243799388856767
"ATTTCTGTCCAACTAG.1",0.000000000000000000000000000000000000000000000000000000000000000000000000000000000000000000000000000000000849934060172347,0.999036357995831
"TTTGTTGGTGCTCCGA.1",0.974926076381484,0.000852708091237426
"AGGGCTCTCCTAAACG.1",0.00682317040012553,0.509290896172945
"GAAGGACTCCTGTTGC.1",0.988174479443685,0.000629160864759144
"GCATCGGCATGACTGT.1",0.980368018709491,0.000331577733799023
"TGCAGGCCATCGATAC.1",0.997956050829507,0.000596053781703932
"AGAAGTACACCAGGTC.1",0.996375957353009,0.0000524114452879897
"GCGATCGTCCATAGAC.1",0.992385516722481,0.00112251362272662
"ACAGCCGTCAGCAGAG.1",0.986547314051972,0.000422682275158066
"CTCGAGGCAAATCCCA.1",0.995296197167845,0.00130063490792945
"CTCCTTTGTAACATGA.1",0.104368591504272,0.00000786745615590978
"TCTTGCGGTTTCGATG.1",0.998875507900106,0.00070259716775746
"GTGCTGGGTGATTCAC.1",0.999996268082755,0.00000506265770652739
"GCAACCGCATTGGGAG.1",0.0738665318813242,0.00144151133122306
"CCTTTGGCATGTGACT.1",0.779178363727848,0.000218232002347598
"GATAGAAGTCGTGTTA.1",0.0166720286032919,0.252229120424543
"GGGATCCGTACTCCGG.1",0.965151476483519,0.000582367622093273
"GAGATGGCAGATAAAC.1",0.00132950088524732,0.88029206814883
"CAGATTGGTAAGATCA.1",0.0000000000000272492049912478,0.0000346064913355326
"GTTAGTGTCCAATGCA.1",0.987706543437372,0.000734438581647647
"AACAGGGCAGGCCCTA.1",0.000101858199919631,0.000210776670364199
"AACCTGAGTAGTTAGA.1",0.921675737280778,0.00150474528152027
"TCATGGACAACACGAG.1",0.999712576007112,0.000202547326661752
"ACAACCACAAATGGTA.1",0.999998595632571,0.000109737027027237
"ACGGTTATCAAGGAGC.1",0.0112627463113493,0.0239429560897999
"CAACCAAAGGTATAGT.1",0.000000000000000000000000000000000000000000128159101473934,0.78061985465152
"AAACCCAGTAGCTTTG.1",0.573943308531914,0.489304524228354
"GGGTGAAGTGCGAGTA.1",0.813681752552403,0.00000104855010181324
"TCCACGTAGAAGGCTC.1",0.999845222219039,0.000433083356292433
"ATTTACCTCATGACAC.1",0.0782818076913386,0.0120158086365663
"TGGGAGAAGTTGCCCG.1",0.0000000000271795582543086,0.184204717036918
"CCTCATGAGATTTGCC.1",0.00948854717315666,0.000453285175705363
"GAGTTGTGTAGACAGC.1",0.739684354956382,0.000635864940171854
"TACGGGCAGTTGGACG.1",0,0.121692422428737
"ACGTACAGTTCGAACT.1",0.00000000000000000629180850920122,0.29878660123258
"TTGCATTCAGAACTCT.1",0.00000000000000000000000000000000000000000000430639013098291,0.719736521765732
"AACACACGTTGACTAC.1",0.999966593393942,0.000508986553718546
"GAAGGGTAGCATCCCG.1",0.996387274884206,0.00580006467372646
"TTTACGTAGAAGCCAC.1",0.00721980817324943,0.00210549284624718
"CTAGGTATCGTCACCT.1",0.99999537441543,0.0000939358539442391
"GGGATGAAGCCTGAAG.1",0.989783952152393,0.000526788377795506
"ATGGGAGAGTGAGTTA.1",0.282953454984655,0.000307278264806474
"GACCCAGTCCATAGGT.1",0.999960145567699,0.000226105136203897
"ATAGAGATCTGCTCTG.1",0.0789711355804934,0.000000107275582945713
"AGGAAATGTAGCGCTC.1",0.990139309421315,0.00213755023336634
"CGGGCATCATTCACCC.1",0.999987682898929,0.000220969590207972
"CTTGATTTCGTAGAGG.1",0.999995040049945,0.000221896106754331
"GTGCGTGAGGCTATCT.1",0.995986278413842,0.000572872575972837
"TTTGGAGTCTTACACT.1",0.999471575889148,0.000290556524006477
"CCAAGCGCAGATACCT.1",0.00000000000000000000000000000000000000000000000000000000000000389519009284743,0.983593497394743
"TTCCACGGTCTAATCG.1",0.238816175430691,0.0000327606835124765
"GTGCACGCAGGTTCAT.1",0.00494826170890652,0.000000375538415188365
"TCGACCTCAGTAGAAT.1",0.998792040899551,0.000373176665981445
"AGCGTATGTAGGGTAC.1",0.988353941692064,0.00438455189705363
"TGCGACGCAACCGTAT.1",0.919036401139929,0.00237396167686596
"ATGTCTTGTGGCTTGC.1",0.917875683569165,0.00000488546650815773
"GTATTTCTCAAACTGC.1",0.999373088209035,0.000150324812034875
"CGTCAAAAGAGCAGCT.1",0.999975551680003,0.00112971611323723
"CCGATCTCACCCTGAG.1",0.931609398014486,0.000937641266737435
"CATTCCGTCCGATAAC.1",0.915413704095236,0.00196248979909516
"TGTTTGTAGTTCTACG.1",0.999997496119715,0.000167978206450722
"TCACAAGAGAAGTCTA.1",0.256420507328337,0.00192087496007419
"AACGAAAAGTAGGTTA.1",0.0000000000000000000000000000000000000000218790103230259,0.806568535081801
"GCCGATGGTGCCGTAC.1",0.999955635928645,0.000562277208820039
"GTGGTTATCTCTGAGA.1",0.998942536321223,0.000000343777590543538
"CTATCTAAGAGAGAAC.1",0.0502401212999829,0.0024599372785709
"TTCGGTCAGCTGACCC.1",0.986625461005456,0.00932666510910166
"GCATCGGCATTACGGT.1",0.000000000000000000000000000000000000000000145749820463714,0.994585940650076
"GGTGGCTAGGCCTAGA.1",0.993059079716525,0.00320921887662245
"ATGAGTCAGTGATCGG.1",0.88654790698208,0.015464253338326
"GGTCTGGTCTCTCCGA.1",0.171537609706381,0.045780636297303
"CATCGCTTCTGAATCG.1",0.000000000000131588499519409,0.632646117011733
"CATGGTAAGGATTTCC.1",0.991773070835812,0.00000376976412409456
"TCCTCTTGTTGGACCC.1",0.000000000000000000000000000000000000000000000000000000502128084135597,0.976458475237125
"AGGTGTTTCATCAGTG.1",0.991343205496592,0.0183670716978511
"AAACCCAGTGAATGTA.1",0.0000164346087092542,0.0000856447879690632
"CTCTCGAAGGTTTACC.1",0.190936533685337,0.180494883054688
"ATCCTATCAAGTATCC.1",0.999977871052015,0.000192858715371381
"TGTTGAGTCTTTCCAA.1",0.994462219135308,0.00312465009663375
"GTCTTTATCACATCAG.1",0.00000000234947842013833,0.00184495728253266
"CTGAGGCCAAACCGGA.1",0.0342905315154817,0.0437913589376349
"CCTTTGGAGCTCTTCC.1",0.000298172697269074,0.36531789940368
"TTGTTTGAGACTTCGT.1",0.999505227042991,0.000369390250585397
"CGATGGCGTTATAGAG.1",0.998083492795125,0.00386776082698423
"CTGCATCTCAGTCATG.1",0.530803150368068,0.002158493102765
"TGTCCACAGTTAGTGA.1",0.0339050463827156,0.245603976689987
"AGGCCACAGAGCCTGA.1",0.941514068344718,0.00203022834092201
"ACTACGATCGTGGGAA.1",0.989717441172555,0.00145933077960943
"GCTACAAGTCAGTTTG.1",0.999973317407652,0.000244725947033074
"CAATCGAAGGGTTGCA.1",0.935999597911418,0.00101386819887609
"AATCACGCATGGGTCC.1",0.0929132815100014,0.000013389815083942
"TGCTCCAGTCTGTCCT.1",0.998796614903219,0.00074802665813134
"ACAAGCTGTTAAACCC.1",0.999909948672973,0.000645121346342568
"CAACGATGTCTACATG.1",0.000700303875498474,0.852593356918232
"TCCTGCATCCTCACCA.1",0.999912409392633,0.000397467402107117
"ATGCCTCGTACGTGAG.1",0.0000000000000000189530594556954,0.189288433408933
"CACAGGCCACCCTTGT.1",0.999855023373651,0.00126474862707094
"GAGTCATTCTCTGCTG.1",0.518003653984527,0.000291167671314856
"GCCAGTGCAGCGCTTG.1",0.0802347741378294,0.0000749627723440571
"ATCATTCCATTAGGAA.1",0.997361288855894,0.000569174830706842
"AGCCACGGTTCATCTT.1",0.97920246262793,0.000708695419355382
"ACGTAACCACGGTAGA.1",0.0000000000000000000000000000000000332105093771348,0.777750183074518
"TTTATGCGTCTTGTCC.1",0.999998431498698,0.0000350064134708783
"ATTCAGGGTTGCGAAG.1",0.00000000000000000000000000000000000000000000000000000000000000000000000000000000000000000600503062860406,0.991141251901596
"ACTTCCGCAAGTTGGG.1",0.653857577688019,0.00232920467392093
"TCAGCAAGTGATGGCA.1",0.981519841072508,0.000958119661141778
"CTGCTCAGTCGGAACA.1",0.981276090263267,0.000352206080736347
"TATTGGGAGATAGGGA.1",0.340477882562126,0.000463677368429647
"CTCTCGATCCGTCACT.1",0.964676095838407,0.000709174504079455
"CAGTTCCAGTCGCGAA.1",0.000000000000000700054100770756,0.0760606562115255
"TTATTGCTCATCGGGC.1",0.9900878545982,0.0015547155128839
"GTCACGGGTATCGCGC.1",0.00000810965037076069,0.306382056229536
"CTATAGGTCCATCCGT.1",0.999755494636039,0.000128427909937124
"GTGATGTAGGTATTGA.1",0.000000000493650330724331,0.800952760852745
"ACTGTCCCACTAACCA.1",0.0000000000000000000000000000000000000000000000000000000202027457050996,0.771403984021757
"TTCTCTCTCCCGGTAG.1",0.99987226732661,0.0015036029183421
"AATGGAAAGCCTTTCC.1",0.694334894915152,0.00384378244211464
"GACTCAACAAAGGAGA.1",0.950948772723992,0.00000230628808986915
"GTGTGGCGTAACCCTA.1",0.0000000000000000000000000000000000000000000000000115338227372804,0.742979719646494
"ACCAACACACTAAACC.1",0.909968780699682,0.000360005752357438
"TTCTAACAGGAGCAAA.1",0.983873915978791,0.00120002046571291
"AATGGCTTCTTACGGA.1",0.000000000000122464156831678,0.895440883430576
"GTCCACTAGCTCGACC.1",0.999895207119058,0.000428708394387032
"GACTCAAGTAACATAG.1",0.972071543355342,0.00111932731854492
"CTACCCAAGGAATTAC.1",0.93821814011001,0.00601388094847815
"GCCAACGCAGTCGGAA.1",0.994721881173822,0.00124205901107087
"TTTGGTTAGCAATTCC.1",0.000000000000000000000000000000000452268602551206,0.105839417378886
"ACATTTCTCATCTGTT.1",0.999848794051667,0.0001072543016148
"TTGGGATAGCATGGGT.1",0.404205575476323,0.000140432695960468
"AATAGAGAGCAGGTCA.1",0.000000284483338632775,0.0000144757078627512
"TCGCAGGGTACAAGCG.1",0.999992080092629,0.000232238685760031
"CCATAAGTCGGCCAAC.1",0.987920690775749,0.000361263034876371
"TCACGCTGTCTTGAAC.1",0.107076008887736,0.000897577745105354
"GCAACATAGCGATTCT.1",0.999590776220251,0.00000529828857862863
"TGTAGACTCAACACCA.1",0.312680940653782,0.000238074843456185
"CTATCTACAACGACTT.1",0.186392228943585,0.00715065275630971
"CTCACTGGTCTGATAC.1",0.930655965937707,0.000364146870612274
"ATCCCTGTCCCTTGTG.1",0.0000000000000000000000000000000000000000173508490454794,0.834195478222153
"CTCACTGAGCTAATCC.1",0.000000000000000000000000000000000000121898740005579,0.58874102459145
"GAAGGACGTCTTCATT.1",0.0000000000000000000000000000000920114967038555,0.972066895875068
"GAATAGAGTTCTGACA.1",0.999848822303798,0.000320849608117533
"TCATTTGGTAGTGGCA.1",0.991030833285404,0.00217599290068905
"CATACCCAGCGATGCA.1",0.999991856596805,0.000053416070781325
"GTCCTCATCGGCATTA.1",0.95362736541136,0.000823846313374518
"GTATTGGAGCGCCTTG.1",0.00000000595205805592848,0.690512152278809
"TATTTCGAGTCACAGG.1",0.0000000000000000000000000000000000000000000000000000000000000000000000000000229445716769627,0.998307129270536
"ATACTTCGTACTGCGC.1",0.980535239137402,0.000574294839007739
"AGGCATTTCACGATAC.1",0.0000174054059403357,0.0209838781201106
"ACACAGTCATCGGCCA.1",0.0000000017288668198188,0.643842984177834
"TGGTGATCAAGGGCAT.1",0.983201585874157,0.000803312502067106
"TCAAGACCAGAGTCTT.1",0.999765960420684,0.00604793383179183
"GGCAGTCCAATATCCG.1",0.189023384858862,0.058076546237971
"TCGCACTGTGGGTATG.1",0.968971120955543,0.0000100656553062601
"CATTGCCAGCATTTCG.1",0.997763890754724,0.000167744478943773
"AAGACAAAGGCATGCA.1",0.999986499002549,0.000244457097638229
"AGCGCTGAGGTGCAGT.1",0.998630565328879,0.000248358451160283
"TCGGGTGCATGACGTT.1",0.851474423591876,0.0225000577004345
"TCGCTCATCCAAGGGA.1",0.999983936362881,0.000168628685142341
"GTAATGCAGTCTAGAA.1",0.266032045269746,0.00371963767804692
"TTGTGTTAGGTTAAAC.1",0.000000000000000000000000000000000000000214098181078005,0.918753132466042
"CCCTCTCAGGGCTTCC.1",0.000000000466073545505638,0.000119230234791429
"TCAAGCACAGAGTCAG.1",0.99966917962487,0.00126381832808059
"AACAAGATCGTGTGAT.1",0.776037368872336,0.204128694231225
"CTGGTCTCAGTTGAAA.1",0.657708001980427,0.000772140124345073
"AAAGAACAGTAGGATT.1",0.309136591699165,0.0530169909257789
"ACATTTCGTGACACGA.1",0.0000000000000000000000000000000000000000000000000000000434704167713307,0.999815392285521
"TTCTAACAGACTGAGC.1",0.921288445335164,0.00117159421881499
"AACACACCACTTCTCG.1",0.946149437358104,0.00104772326700431
"AGCTCAAGTGCCTTTC.1",0.995942348246243,0.000974094238671742
"GGTGGCTCACATACTG.1",0.0742212654106384,0.0099963101562797
"GATGGAGGTCGGCTAC.1",0.999997647046958,0.00000677219493676369
"CGACAGCAGATACCAA.1",0.00000102278615012984,0.281036866628102
"GTTCTATTCTCGTTTA.1",0.00000000000000000000000000000000000000000000000000000000000334824282408724,0.999981568389813
"AATGGAAGTAGTATAG.1",0.00429164388015414,0.00081490521784274
"ACGTCCTCACACAGCC.1",0.837193730591899,0.0306973916864362
"CCACACTAGGTATCTC.1",0.999850506569935,0.000216779373860697
"TTACCGCGTATTCCGA.1",0.00000000000000000000000000000000000000000000000000000000000513901226266594,0.770949199735557
"ACGGGTCAGTTGTCAC.1",0.0165012153286753,0.0000159855301998674
"TAATTCCCAGGGAGAG.1",0.000000000000000000000157267180668549,0.25986140859511
"AAGTTCGAGGATGTTA.1",0.919811914007822,0.0000645052358172299
"GTATTTCTCATTACTC.1",0.00164494764897269,0.0203508195343299
"TTAGGGTAGTTCGGTT.1",0.3315102617078,0.00731790464542469
"TTTAGTCTCATGTCTT.1",0.990293996693662,0.000811135623671051
"GTTAGTGCACATTCTT.1",0.998342369999722,0.000375122761558574
"AATGGAATCGAACCAT.1",0.903330225506333,0.00147806137467773
"ACAGCCGTCCATTTGT.1",0.00000000151382806450046,0.598525563364347
"AGGAATATCAGCACCG.1",0.0000000945904336179593,0.00000349153045702885
"AGCATCATCCGTCAAA.1",0.512596108106125,0.00618353442124835
"CGCCATTGTCATACCA.1",0.377695279904242,0.00007047774891327
"CCTCAGTGTGTAGGAC.1",0.972611960664201,0.00173166917530393
"TGCCGAGTCCAAGCAT.1",0.831465731407255,0.000031784413149692
"TACGTCCCAAGTCATC.1",0.17562556160449,0.0000129732476932669
"GATCAGTGTTCCGCAG.1",0.000000000000000000000000000000000000000369378699147859,0.983582138475575
"AAAGGATGTCGGCCTA.1",0.833791019811888,0.000523550975079131
"GGGAGATCAGTAGTGG.1",0.000000000000000000000000000000000000000000000000255955598198194,0.99947103293669
"GTAGCTATCGGCATCG.1",0.940751439210404,0.000639786378913645
"GGGAAGTTCCGACATA.1",0.970231500474633,0.000043544089496289
"AGAGAATCAATGGGTG.1",0.954538167899538,0.00161615051984894
"TATTCCAGTAGTGTGG.1",0.0000222762905035581,0.0000015641113772653
"GAAGGACTCCTTATCA.1",0.000000000000000000000000615108497996619,0.60666631728231
"GCTTCACCAAAGCTCT.1",0.934868463694422,0.00000875572127711298
"ATACCTTGTAATGCTC.1",0.0000000000000000000000000000000555140693352116,0.660845032460394
"GTCATCCCAAACTCGT.1",0.999068683216427,0.000769947967508484
"TGCAGGCTCTGATTCT.1",0.980109044147575,0.00096827676244978
"ACGGTTAAGTGAGGCT.1",0.958903481759987,0.00103591653974763
"AGTACTGGTGTCTTCC.1",0.00105159431158119,0.013722736175492
"TCCGTGTGTGCAACGA.1",0.999656747805951,0.000326106871426115
"CCACTTGCATTGTGCA.1",0.942365046276443,0.00210071012348763
"CCTACGTTCCCAGGAC.1",0.00000000000000000000000000000366214475696229,0.996291168948211
"CCGGACAAGAGGTATT.1",0.0197183951093714,0.000142590364544997
"TCTAACTTCTAGTACG.1",0.993958899538116,0.00123248172236938
"ACGGGTCGTGGTAACG.1",0.999891854601477,0.000715673201658801
"GCAGTTATCTTTCCAA.1",0.00000676272654205478,0.105522498773776
"TACTGCCAGGTAATCA.1",0.994729530895939,0.0000103326513220882
"AAGATAGCATCAGCAT.1",0.0000000144246926239939,0.262552319331511
"GTATTGGCAATCGAAA.1",0.999978085374167,0.00000175484854447209
"TATCAGGAGTCCCAAT.1",0.215906304266015,0.489748579387252
"CATGGATTCATTACTC.1",0.812143996157653,0.00000877767150733851
"CTACTATAGAGAGAAC.1",0.00000000000334258178540595,0.644450501521337
"CTCCACAAGTCACTAC.1",0.968542182559134,0.00884397997747787
"GTCGCGACAAGGTACG.1",0.958270547078192,0.0000988803279666024
"CGGAGAAAGTGCAGCA.1",0.046925683187791,0.00000326552210194653
"AGTGACTCAAGCTCTA.1",0.00000000000000000106559390333236,0.983685842153855
"GTAACCAAGCCAAGGT.1",0.765893039885406,0.0048867624199257
"CAGATCAGTGTGTTTG.1",0.000286925318306331,0.0514886152358303
"TGATCAGCATGGAGAC.1",0.000000121954519676643,0.0102520925805545
"GTGTGATGTACCATAC.1",0.263909024821925,0.0000746530494714427
"CTGCTCAGTTGCCTAA.1",0.0000000000000000000000000000000000000000000000000170704435703888,0.993113262859286
"ACGTAACCAGAAGTGC.1",0.00922304845537325,0.0000694491394146006
"AACGGGACACGACGCT.1",0.909434227455293,0.000508763260515833
"TCCACCAGTCCTGGTG.1",0.998356578698889,0.000713160570405122
"CTCATCGAGGGTGGGA.1",0.997078612131585,0.00116770474507151
"CTCAGAAAGAGCGACT.1",0.999991549562938,0.000247176035692251
"CATACCCTCACTTGGA.1",0.730972991558928,0.000976752807727415
"CAATGACGTACTCCCT.1",0.998242735543009,0.000278828321315047
"TGAGGGATCTCGCCTA.1",0.998956895790811,0.000768767850511939
"CCATAAGTCTCTTAAC.1",0.999154135652468,0.0000887616578961218
"AAGAACAGTAGCGTCC.1",0.998961787028424,0.00273054600170672
"AAGGTAAGTGTGATGG.1",0.880781600653588,0.0018510365063659
"TGATGCAAGGGATCTG.1",0.0156407106035345,0.000119370926674162
"TGGATCACATTGGCAT.1",0.0000000000000000000000000000000000000000193499174855075,0.513826949169707
"GTTTGGATCTTAAGGC.1",0.996909138666636,0.00455861814605061
"TCATTTGGTGCATTAC.1",0.999938824037248,0.000596268407303527
"TAACCAGCAACGTTAC.1",0.973380216811065,0.0019607851703719
"TAAGTCGGTTGTTTGG.1",0.843336888583502,0.000510542327861342
"TCTATCATCCTCTCTT.1",0.95322621474406,0.0000359713732228314
"GCCTGTTTCACCCTCA.1",0.000400792920690794,0.0234355027325716
"TCATTTGTCAAGCGTT.1",0.191316051376968,0.0000106873197144192
"CATCGCTTCGCGTTTC.1",0.45729872553211,0.0538284462172413
"CAAGGGATCTGGGCGT.1",0.848657315694784,0.147442803682242
"CATACAGCACCGTGGT.1",0.999765233758493,0.00164027228492823
"GGAGATGTCAAGGTGG.1",0.993349796178811,0.00173197763250751
"GTTAGTGGTATCAAGA.1",0.790228698491392,0.0830940906325338
"CTGCGAGGTCCAACGC.1",0.952711702228302,0.00467330524189028
"TCCACGTGTCGTTTCC.1",0.925868053157681,0.00880515977314634
"ACGTACAGTATGGTAA.1",0.3158719667289,0.0195123553014326
"CCTTGTGAGCGACTGA.1",0.000000000000000000000000000000000954162472396796,0.593196730216665
"GTCACGGCAAGAATGT.1",0.993905122487321,0.00132354370482124
"TCAAGCATCGCAATTG.1",0.525549231564931,0.0000956667924610613
"CTGCCATAGTATGGCG.1",0.999198467078292,0.00216172540850412
"GATGAGGTCATCACAG.1",0.998866262243985,0.00269685426286716
"ACGGTCGTCCCTCATG.1",0.000000000226968065164191,0.871737991256486
"AGGAGGTAGGATACAT.1",0.00170142498512487,0.0659034441775415
"GAATAGAGTCTCTCAC.1",0.998931572386165,0.000372825726883202
"ATCAGGTTCCGAGCTG.1",0.999626771300498,0.000556561595438627
"TTACTGTGTCTATGAC.1",0.847525410655964,0.000303253592880136
"CACATGAAGACGGATC.1",0.0000000000000000000000000000000000000000000000000188072265025599,0.904965898628584
"ACTGATGAGGGCCCTT.1",0.995756561552211,0.000291279181654265
"AAAGTCCGTTCGTAAC.1",0.951525591981564,0.00465285087745239
"TCGCTCAGTAGTACGG.1",0.00000273767061465581,0.0145877177559903
"AAGACTCGTGGCAGAT.1",0.997978868764955,0.000146904179562517
"ACATTTCCACAGCCTG.1",0.000000000000000765651547498487,0.994825955957073
"GTTCCGTTCTTCCTAA.1",0.0429753406745678,0.00000271315300456997
"GCTGGGTGTCCATCTC.1",0.991851494347577,0.00159134750503874
"ATCCACCTCCTTGACC.1",0.000000000000000000000000000000000000000000000000000355588432768216,0.66471724008901
"CCTACGTAGCACTCCG.1",0.998740283537738,0.000392443777533822
"TGGTACAGTGGAGGTT.1",0.994786591333101,0.000044038335975821
"TTGTGTTTCTACTATC.1",0.724706697056319,0.014859015067051
"CGAGTGCCAATGCTCA.1",0.411648164036137,0.000000408350064839059
"CATGGATAGTCCGCGT.1",0.0000000000000000000000000000000000000000000000000000000000000136419978290068,0.872508817142926
"AGTCAACAGGTCGCCT.1",0.999950807957629,0.000487434505352805
"AACAAAGTCAAGTTGC.1",0.901098004324833,0.04255881511677
"GGCTTTCAGCCTCATA.1",0.941740632636019,0.00290461914569916
"TGTCCCACACTACAGT.1",0.00000000000000000000000000000000000000000158219752130308,0.156643805731409
"AGTGACTGTAGGGTAC.1",0.00047661698390949,0.000632485834346388
"GGTAACTCATCCGTGG.1",0.00000000000000000000000000000000000000000000000000000000000000418949406817166,0.993198340548607
"TTTGATCGTGTTAAAG.1",0.994269322350615,0.000682316013797445
"GTCCACTGTTACTCAG.1",0.877379761153314,0.0105759171058026
"CTCATGCCAACAAAGT.1",0.99046986325947,0.000614491345693321
"TCGGGTGTCGCTGATA.1",0.990848354632256,0.0103475227493791
"TGGAGAGAGTAGACAT.1",0.0000000000000000000000000000000000123667223013829,0.814326225576828
"CGAGTTACAAATGGAT.1",0.532791103443804,0.0001821566123045
"TACAGGTAGGCACCAA.1",0.951408029988428,0.000466514118262499
"CTGCAGGCAGGACTAG.1",0.966189088455848,0.000923591410621589
"TGTCCCAGTCGAGTGA.1",0.991973512859494,0.00000202808627887823
"TCGCTCACATTGACAC.1",0.950897555167691,0.00110718449175876
"GTCATCCGTGGTATGG.1",0.0000000000000000000000000000000000000000000000000000000000000000000000000000000000000000000000976227578348929,0.9992872745397
"GGGTATTAGAAGCCTG.1",0.000000000000000000000000000000000000000000343680586522801,0.791303193779841
"GGATGTTTCAACCGAT.1",0.999976405937933,0.000777985715517738
"ACACAGTGTGAGACGT.1",0.999950393132447,0.000372784075762686
"CCTTGTGCATGAATCC.1",0.946244523720839,0.00207008916990997
"CTTCAATGTTTGGAAA.1",0.0606903639252372,0.000000536548701314188
"TTAATCCGTAGTCTGT.1",0.988065326850938,0.00228216895565511
"TTTACCAGTGATCGTT.1",0.000780272248705057,0.595466791119725
"GAACTGTAGAGTCGAC.1",0.180755161486539,0.0000122557293819666
"CAGCGTGTCGTTCTAT.1",0.000000000000000441068720426882,0.79291979224001
"CTGAGCGTCGCAGATT.1",0.0000000000000000000000000000188585721849266,0.767880645980086
"ATAGGCTAGTAGCCAG.1",0.991231692707077,0.00116570328757692
"AGTGCCGCATACCGTA.1",0.918808327684163,0.000743480427916758
"ATCGTGAAGGATGGCT.1",0.941303081605594,0.0431578035576938
"TACACCCAGTAAGACT.1",0.999973863735325,0.000568964224115929
"ATCCACCCATGCTGCG.1",0.00003339895169928,0.0503137424862505
"TGTTACTGTGAGTAAT.1",0.975881363142933,0.000646805099845666
"CCTCAGTAGCAAGGAA.1",0.998979229708615,0.00149871897788721
"GAGTCTAAGTGGCCTC.1",0.275185858158713,0.000124012307724351
"TTCATTGGTACAGTAA.1",0.0000000000000000000000000000000000000201126297613771,0.995981975172931
"GAGAAATCATTCTGTT.1",0.133165686139459,0.00538487274250425
"CAGGCCAAGCGAGTAC.1",0.999987977738569,0.000480598794479044
"CGTGCTTCATTAAAGG.1",0.0000000000100702418313064,0.999839677547895
"TATTCCAAGAAGAGCA.1",0.777513764618551,0.0197772194033769
"CATGCTCCATGGGAAC.1",0.446235859560147,0.0000227353885701625
"ACATCGAGTGTGTCGC.1",0.000000000000445492869561172,0.393349876699506
"AACCATGCAGTCCCGA.1",0.952130179883527,0.000407422939565878
"TGCGACGGTGCGAGTA.1",0.889274631630815,0.00133739605708038
"GTGAGGAGTGTATTGC.1",0.992460892950782,0.00334316387346944
"CTAGACAAGCACGTCC.1",0.99844786324415,0.000690687437933603
"CGTGCTTAGTAGCTCT.1",0.983219009224974,0.0507933159234634
"CACTGGGTCACCTTGC.1",0.999665586665748,0.000815558575623337
"CTACCCAAGGATCATA.1",0.998354780661868,0.00211221810126477
"ATCCTATTCTCGTTTA.1",0.979512536377465,0.00952550022586966
"AGGTGTTCAAAGTATG.1",0.908051073802655,0.00039687355605805
"ATGCCTCCACACTTAG.1",0.796500099305504,0.126597147854337
"GGTCTGGTCCTGTTAT.1",0.000000000000000000000000000000000000000000121689851316708,0.995232700568546
"ACTATTCAGGCCACCT.1",0.00807467602339022,0.0845653039023392
"GCCATGGAGTAAGGGA.1",0.999980670368002,0.000546659890956139
"ACCAAACTCGGTAGAG.1",0.0936436679889837,0.0160929501143761
"GGTCACGCATCGCTCT.1",0.0000040746737672208,0.0000113753840343509
"CATAGACCAAGTGGCA.1",0.928534135444983,0.00202928896275559
"TCCTAATGTAGCACGA.1",0.973365678045614,0.00060865322574107
"TGTCCCAGTGCCTTTC.1",0.67343463549002,0.253594413689544
"GCTTTCGCAATTCACG.1",0.997689513218155,0.0000305627021361903
"ATTCTACCAAATCCCA.1",0.991222405523021,0.000623533885064912
"TCATCCGTCATATGGC.1",0.0311940164797242,0.00000427842834352962
"CGCCATTAGTCTGCAT.1",0.975443077871521,0.00307065524860009
"GGTAGAGCACTAGGTT.1",0.716958447315151,0.000362339493226585
"TGGTTAGCATGGTACT.1",0.998291064361908,0.000341903057600807
"TCCGTGTGTGATTAGA.1",0.00000000000019449640768274,0.129770275691936
"TCATGTTTCCTACCAC.1",0.999039234143233,0.000573366323811414
"GTACAACAGGTCGAGT.1",0.628411008275621,0.192410190202331
"ATTCATCCATAGAGGC.1",0.999998751110928,0.0000548011223137829
"CATCCACAGTCAAGCG.1",0.953693264411339,0.000455422593213134
"TTTCGATCAGGGTTGA.1",0.0000000000000000000000000000000000893107723719052,0.996964591860099
"GTTACGAAGCTGAGTG.1",0.902414081441772,0.0000242275206675752
"GTGAGCCAGAGGCTGT.1",0.950017619460465,0.00335158019546071
"TCGTCCACACGGCGTT.1",0.99574509825531,0.000825706914190258
"CACAACAGTCACGCTG.1",0.999978974415895,0.00023571420368473
"GATGACTTCCATTTCA.1",0.939965475006349,0.000632714135967155
"GAGACTTTCGCCGAGT.1",0.999924604883858,0.0000851425843859781
"TCATCCGAGGTAAAGG.1",0.997187708094005,0.000302735601474459
"ATTCACTTCCAGCACG.1",0.000999086961655287,0.0123418388088107
"GAATCACGTCCGGTCA.1",0.000101095684243905,0.815759184617971
"TATCCTACAGATACTC.1",0.00000000000000242397396144994,0.403855583321773
"TCGCACTAGGTACAAT.1",0.998618142709065,0.00000174225306835527
"TGGTAGTTCGCAGAGA.1",0.999970854806474,0.00028064378013731
"CGATGGCAGGCGCTTC.1",0.00000000000000000000000000000003340137752874,0.834738066080026
"ACTTCGCGTATCGCGC.1",0.354339163744697,0.000000857812769637246
"ACATCGAAGCACCAGA.1",0.999511971386578,0.000426582908317704
"CCCGGAACAGTTTCGA.1",0.00000000000000194085394469835,0.377675317635045
"GTTCTATAGGTCACTT.1",0.999556610009914,0.000920092946780201
"GCCAGTGGTCACCTTC.1",0.999997201560364,0.0000299128056347017
"GACTTCCAGTCTGCGC.1",0.989748420562717,0.0000614193767946718
"GATGACTTCGAAGCAG.1",0.020877560897063,0.00779084313629997
"GTAGTACCAGCGTGAA.1",0.876969758234287,0.00419633270858769
"AAAGGTATCCATTCAT.1",0.0000000000000000000000000000000000000000000259565046277366,0.574756011338643
"GTGGCGTGTGTGGTCC.1",0.600257484319387,0.000492340494700707
"GTAACACAGACGAGCT.1",0.861349207671022,0.000633633659682079
"CATAGACTCTGCGGCA.1",0.99803285121824,0.00339256165803792
"GTTAGACAGGTGCCTC.1",0.75490102530546,0.00403066581606315
"GTGGAGAAGATGCTGG.1",0.999996923133287,0.000152065131818672
"TTACGTTGTGATCGTT.1",0.000640257465497773,0.818233646364069
"TTGCCTGTCCCGAGAC.1",0.0516961960150207,0.00000125728560452415
"CGCAGGTGTGGGATTG.1",0.0000000000000000241562046370097,0.839366013425932
"GGCTTTCGTGACTGAG.1",0.987347086258395,0.000546759789654979
"CATTGTTGTACCTTCC.1",0.999522791644648,0.00379846511479739
"ACGGTTAGTGGCTAGA.1",0.98590371451369,0.000934549828514312
"CTTCGGTCAGATTTCG.1",0.777235270349663,0.00003131115901027
"TTAGGGTAGTACTCGT.1",0.000000000000000000000000000000000000000000000000000000000000000000000000000000000000000000000000000000000000000000000000000000000000000000000000000000000000000000000000000000000000000000000000000000000000000000000000194599776836762,0.0596630023348578
"AGGGTCCGTTAAACAG.1",0.103796841516065,0.254241927826083
"GTGGGAAGTCTTTATC.1",0.992905280392364,0.00152248756786675
"GCCAGCAAGCGAATGC.1",0.999848616655671,0.000651518112526736
"ACCAACATCTGACAGT.1",0.651800990757216,0.272382981967188
"CTAAGTGGTTTCCATT.1",0.0199923801061443,0.476116256769275
"CGCCAGAGTCTACGAT.1",0.514122059591257,0.00891380471802108
"ATTCGTTAGGTTCTTG.1",0.12500339035448,0.0000105431468029689
"ATCAGGTTCATCTATC.1",0.879805915298829,0.00657928393138416
"ATTCATCGTCTCAAGT.1",0.0683538187667417,0.00782926211685915
"GAAGGGTTCAGACTGT.1",0.454319909332483,0.0000384812015840631
"CCATCACCAAGACGAC.1",0.00000000000000000000000000000000000000000000195054372100606,0.806123241593883
"CGCCAGATCCCGTGTT.1",0.999697775849871,0.000000477630211747141
"ATGGATCGTCTAACTG.1",0.886997207902656,0.0101365607010676
"GTCATTTTCAGCTGAT.1",0.00777104391602999,0.0000297572640934302
"TAACTTCAGAAGTCAT.1",0.999996093571752,0.000104814431097639
"AAGTTCGGTTGGACTT.1",0.0884915392322989,0.000000691164295070061
"ATTCGTTTCACACCCT.1",0.247473047418426,0.00000144390729966569
"AACAGGGTCACGGGAA.1",0.987300814763843,0.000144025655234329
"TTCGGTCCACCCAACG.1",0.00000000000000000000000000000000000000000000000000000000000000000000000000322983853949883,0.881101873038071
"GGATCTAAGTCACTGT.1",0.00000000000000000000000000000000000000000000000000000000000000000000000000124265553593208,0.959419773471455
"CTGGTCTCAAGTGGGT.1",0.28311130095658,0.000451763778733224
"GTTATGGTCGTCGCTT.1",0.998943381650236,0.00164976624241328
"GGTCTGGAGCTACAAA.1",0.999141616386455,0.000243370768367384
"TGGGAGACATGATAGA.1",0.999886771430575,0.00050352044155861
"GTCATTTAGCGTGTTT.1",0.932702099266795,0.00169587365610843
"CACAGGCAGGCCACTC.1",0.505554041350594,0.00228199022436367
"AGTGACTTCGGAGTGA.1",0.999718142778806,0.000489138860522041
"AGCTACACAGACCTGC.1",0.998158560959634,0.000349809917564447
"ACCCTCAAGCACTAAA.1",0.996863728459042,0.000383434904438517
"ATGGTTGTCCCAGTGG.1",0.00966264852576818,0.794998977431899
"AACCTGATCAGGGATG.1",0.831715517230798,0.000428870803199996
"TCAGCCTGTGTCCATA.1",0.998797674696409,0.000677746321970432
"ATGAAAGGTCAACACT.1",0.895044727991495,0.00000111053294833448
"GCACGGTGTTATAGAG.1",0.995325062738324,0.000848304840306657
"TCGTAGATCTGCAGCG.1",0.990098440561129,0.000803158307017582
"CAATCGACACATTCTT.1",0.999999150475048,0.00000548820348157188
"TACACCCAGGTTATAG.1",0.999749702733879,0.00040843938432824
"CACAGGCCATCGTGCG.1",0.000121209844343262,0.00000524742252963051
"GGCGTCAGTATCCCAA.1",0.956349069552847,0.000345000253627804
"TGCAGGCGTTCTGAGT.1",0.501826928964252,0.0011587664362673
"GTCACGGCAAAGGATT.1",0.00000000000000241483488465881,0.947595373781543
"ACGGTCGAGTTAGTGA.1",0.952157212582259,0.000491874819513664
"AGCGCCATCTGACGCG.1",0.84898419404488,0.00405862453912584
"CTCAACCGTCTGTAAC.1",0.000000221785138342215,0.168495444833053
"ATTCACTGTCGAGTTT.1",0.999813620831835,0.00257246898734539
"AGCTTCCAGATTAGAC.1",0.987889694540316,0.00052426359977529
"CACTAAGCAACTACGT.1",0.755807545009321,0.0000395713552898543
"CCGTGAGAGGGTCTTT.1",0.000060740328148877,0.000318041392559738
"GAAGGACTCCATTGCC.1",0.999995402920416,0.000000280590037674545
"CCACACTAGGGACAGG.1",0.0755062833210849,0.000181375937981284
"GGAGATGTCATTCGTT.1",0.503753810323767,0.00636604306541704
"CCGTAGGTCACGAACT.1",0.99894307598162,0.000999580321486243
"ACGGAAGCAGCATTGT.1",0.00137162008516948,0.74047635129526
"GATTGGTAGGCTCAAG.1",0.992052184403945,0.00332277992559348
"GGAAGTGTCTCACTCG.1",0.911324669856262,0.00233355463430001
"CCGTGAGTCCCTTGGT.1",0.459731577573839,0.00183200963834926
"CGAGGAAAGTTACGTC.1",0.983554452456864,0.032398778085006
"GGAACCCCAACTTGCA.1",0.296126939577835,0.00773496414584842
"CACTGAATCGACATTG.1",0.998396600651475,0.00177740407153598
"ATGAGTCAGCTCGAAG.1",0.16740255623844,0.00000409563693282054
"CCTATCGGTCCTGAAT.1",0.00423048587471551,0.0000645813622118748
"CAATGACAGAGGACTC.1",0.669979900251926,0.00515896378317736
"AAAGAACAGCACACCC.1",0.999886899401612,0.000897563079998264
"TCACTATCATCATCTT.1",0.876976729092068,0.000253258409279061
"GGGTCACGTTGGAGAC.1",0.99963814499843,0.000839395295352322
"GATGCTATCATGCCGG.1",0.0000000000000000000000000000000000000000104113706767224,0.160309722521132
"GACGCTGAGAGTTGTA.1",0.837829140048821,0.00237533697601356
"TATTGCTAGTTCTACG.1",0.901994408675748,0.00178708127573669
"GCAGTTACAGCATCTA.1",0.153179681428777,0.000009667976187345
"GAGGGATGTTATGACC.1",0.911686655120717,0.00411359382840834
"GTGGAGACAATATCCG.1",0.991599519961531,0.000347544125602237
"AGCTCAACAGACCCGT.1",0.999981514770537,0.000531558151069071
"AGACACTAGCGTCTGC.1",0.999130936698063,0.00027192638668818
"GTCATGAGTAGTGATA.1",0.997482470223896,0.00142179327346906
"GCCAGGTCATAAGCGG.1",0.997181484812524,0.000757272055397316
"ACGGAAGCAATTTCCT.1",0.0000000404419564887073,0.33507670144249
"CCTAACCAGAGTGTTA.1",0.941841924535823,0.0055518926562379
"GACCCAGGTCCATCTC.1",0.88596824023637,0.0210849135357194
"TCATCCGGTTAGGCCC.1",0.000000000000000000000000000000000000000000000000000000000000000000000000000000000000000000000304576349054116,0.999287876415307
"ACAGGGATCGGTCTAA.1",0.974124292632807,0.000404329013933342
"ACACCAAAGAGAGTGA.1",0.991690549680352,0.00162484562772254
"GCACGTGAGGTTGGTG.1",0.000000000838620348695991,0.570264158203157
"ATGAGGGTCATGGTAC.1",0.998580200633388,0.00975745941313354
"ACAAGCTGTTGCTCAA.1",0.999876119902118,0.000283755712755078
"GGGTGAAAGGATTTAG.1",0.000000000000000000000000000000000000000000000000000000000000000362075964082755,0.942687894495712
"TAGGTACGTATGAGGC.1",0.97825532797931,0.00341600410621465
"TGTTACTGTAGGTACG.1",0.0359935047901402,0.000388212881773291
"GATGAGGAGTAAACAC.1",0.971729691715094,0.00051795333816979
"CCTAAGACATATCTGG.1",0.0000000000000000000000000000000000000000000115175661787738,0.548783394416051
"TGTTACTAGCGGTAAC.1",0.638882978226757,0.0935242031394176
"CCACTTGGTCCACTCT.1",0.999942989300473,0.00020972032731097
"CGAAGTTGTACAAACA.1",0.999853372945828,0.0000290575203730958
"TTACCATAGACCTCCG.1",0.0000000000000000000000000000000000000000552304316454201,0.361485848110504
"AGGCTGCGTCGGATTT.1",0.922111803782376,0.00107636020746065
"TCTACCGCAGGTTACT.1",0.92929210297418,0.00827287957606016
"ACGATCAGTACGATGG.1",0.990086869182789,0.000441076846257164
"AAGGAATTCCAAGGGA.1",0.0000198674737120688,0.21704652664429
"GTGTTAGCATCGAACT.1",0.999088905415425,0.000211923650888968
"TTGCGTCGTTACACTG.1",0.00000000243384499394282,0.337009381647967
"TGGTGATAGGTGAGCT.1",0.860359873089855,0.00101470402777483
"ATCCATTCAGGAAGTC.1",0.0720056315728058,0.0788058516790082
"CCATCACTCTCTTCAA.1",0.999998172985247,0.00019360326879277
"TGGATGTCACAGGATG.1",0.00000000000000000000000000000000000000000000000000000000129359632093224,0.988772474085716
"CACAACACAGTGTGCC.1",0.000000000000000000000000000000852478828062487,0.416707006042076
"AGAACAATCTAACGGT.1",0.960798668987108,0.000708476411707491
"CATGAGTCATGGAACG.1",0.928357604255779,0.0182091467790534
"CCTGTTGAGACACACG.1",0.000869520520986798,0.218586402770827
"AATGAAGTCCCAGGAC.1",0.603015448869391,0.00156659139616361
"TGCAGATTCGACCTAA.1",0.938904638941158,0.000413476100096248
"CAGGCCAGTTTCTATC.1",0.996640882632646,0.0159927524500733
"TCTCCGATCCTCACTG.1",0.919557437612411,0.00245825497115379
"CGAGAAGCATCAGTCA.1",0.999966450960194,0.000178799406645033
"ATCGGCGGTAGCTTAC.1",0.806312159185456,0.0536352761404705
"ACGATCAAGGCATGGT.1",0.999513373456645,0.000308892632887965
"CGAGGAAGTGTGTACT.1",0.0000000000000000000000000000000000000000000000000000000000000000000000000103625241378805,0.781477753908137
"GGCAGTCAGGTTATAG.1",0.211510474928873,0.000000596441632578149
"TAGTGCAAGTTGGGAC.1",0.562491228912986,0.00716358568168355
"ACCGTTCCAATTGCCA.1",0.00000000000000000000000000000000032647462787495,0.772104748087281
"CTCCGATCAGGACAGT.1",0.983606971001598,0.000433650814118467
"TATCTTGTCCGGCAAC.1",0.999899114541852,0.00174047865446342
"CTGGACGGTAACATGA.1",0.995862356187031,0.000559611354881847
"AACGGGATCAAGTGGG.1",0.990474824677139,0.0011580032070671
"TCCTAATGTTAGGCCC.1",0.372894992077816,0.00000825299568883018
"TGAGACTAGATTTGCC.1",0.999995402036127,0.0000527116625491906
"CCAATTTAGATAGTGT.1",0.999998614075425,0.00000729153143859873
"TGACTCCCATGACTCA.1",0.0622468501789736,0.00667560076037769
"GTAGATCAGGCTCTAT.1",0.972075211972415,0.000425883933503017
"GGGCTACGTACACTCA.1",0.931361328686464,0.000370025907450896
"CTAGACAGTCCGATCG.1",0.486802765761684,0.0000551559677351236
"GCCATGGCACCAGTAT.1",0.000203822274733382,0.00585015486190301
"TCAGTCCGTAGACAAT.1",0.999592216979326,0.000454424185740992
"GATCGTAGTCAACGCC.1",0.244393582332837,0.188106908109578
"TGAGGAGTCCGTATAG.1",0.979122233796571,0.00191741792954343
"AATCGTGTCACGACTA.1",0.983081112503181,0.00679819170175482
"GGGAAGTAGTGTGTTC.1",0.991215166950686,0.000566000827101327
"TGAGGAGAGCAGATAT.1",0.999678475096713,0.000560273845932509
"TTACCATCACCATAAC.1",0.996974170548983,0.000842986251157809
"TTACAGGGTATGGTTC.1",0.999792104539029,0.000248612851154766
"ACTCTCGTCTCATGCC.1",0.0440791063759045,0.000136906999913239
"AGGGTCCCAAGTTCGT.1",0.00317439237121827,0.189469424870158
"TGCGATAAGCCAGACA.1",0.983504948528615,0.00025186636701389
"CACAGGCGTCGTCTCT.1",0.995194920190513,0.0284524516072431
"TCGACCTGTGTGTGGA.1",0.999988316510062,0.000187227475135556
"GATCGTAGTCTCGGGT.1",0.999990608008215,0.000328426321038426
"CAATGACCATTCACAG.1",0.996359242900964,0.000829711287575405
"TCGACGGGTGGGACAT.1",0.969478659896812,0.000496621169488706
"GAAGAATAGAAACCAT.1",0.346129188763388,0.000935328472315913
"GTTGTGAAGTGAGGCT.1",0.748552288053924,0.00504949632900912
"CTACCTGTCCCATTTA.1",0.981184331317769,0.000423383867514583
"ATTTCACTCGCTGTCT.1",0.0897079929613609,0.000154399111797741
"TGGGAAGCAAGCCCAC.1",0.000000000000000785683291618448,0.800420926879295
"GATGCTAAGCAGAAAG.1",0.999452198278177,0.000212086956574935
"AAGCCATGTATGGGAC.1",0.000000000000000000000000000000000000000264331938821922,0.99127693709245
"AGCGCCAAGGTAAACT.1",0.987801207006119,0.00153945049310015
"CATGCCTGTCTTGTCC.1",0.994802486224348,0.000375391586145326
"TAGGAGGTCCACGTAA.1",0.946120017030148,0.000460856550873894
"GACTCAAAGTAGCAAT.1",0.841731483867317,0.0000467617009874807
"CCGCAAGCACACGGAA.1",0.999636144562456,0.00000170522735697871
"CACAACAGTGTACGCC.1",0.0000000000000000000000000000000000000000000000105401731391359,0.368179243423813
"TCACATTGTCTAATCG.1",0.91460001725783,0.000426926405933857
"TACCGGGCATGCCGAC.1",0.995808244272728,0.0205311286465492
"AGACTCATCCGGACGT.1",0.999984549135174,0.0000777772550217301
"TCTATCATCCGTAGGC.1",0.992507118327583,0.00279377668880321
"TGGTAGTCAGCGTATT.1",0.999987803345004,0.000248990361454063
"GTCTCACAGATAGCAT.1",0.999999180138362,0.0000228654510768631
"TGGCGTGTCGGTCACG.1",0.358836910467315,0.0185296855498514
"CACGTGGCAACTGCTA.1",0.99996975416133,0.000163376247291769
"TCCCACATCCCATAAG.1",0.999483396350175,0.00135065570881151
"GTCTACCAGCAAGTGC.1",0.999998039218057,0.00000268746966614222
"ATGACCAAGAGGTTAT.1",0.962217551996804,0.000601781168666962
"TCGCAGGAGCTACAAA.1",0.287855885811565,0.0000288756374151729
"AGCGCCAGTCATCTAG.1",0.191525746872895,0.00000424215248282034
"AACAGGGTCCCGTGAG.1",0.918549846280871,0.000559796453004481
"TTATTGCCAGATCACT.1",0.00000000000000000000000000000000000000045900247813044,0.719186122065572
"GTAGGAGTCGTGGCTG.1",0.0000000000000000000000000000000000000000549224477292099,0.982024939623252
"AGGTGTTGTACCGTCG.1",0.999691026744432,0.00053855533082495
"TCAATTCCAGTCTCTC.1",0.999986120038507,0.00000647225490457052
"AGGTCATCACTAGTAC.1",0.000000000000000000000000000000373929268905582,0.646386713060232
"CGAGTTACAAACACCT.1",0.999655103076427,0.000991599770286595
"TACAACGTCCCATAGA.1",0.993645130099912,0.000345525400748041
"AGGTTGTCAGCGTGCT.1",0.954570978776197,0.000635859255490367
"ATCCACCTCAGCGCGT.1",0.000490497391539258,0.000133867907230115
"AGTCTCCGTGTCCAAT.1",0.0000000000000000000000000000000000000000000000000000000000000000000000000344959732329916,0.975175781841356
"GTCCTCATCGGTCACG.1",0.00000000558938441021551,0.000079096366969672
"CTTCCGAGTGATATAG.1",0.838441870451542,0.0012052721231671
"TTACTGTGTGTCATCA.1",0.518073049450108,0.00115269984942302
"TGCTTGCCAAGTGATA.1",0.999964960263394,0.000277916123456118
"ATCGCCTCAATGTCAC.1",0.0000000000000000000000000000000000000000000000000000000000000000000000000000000000000000000000000000000000000000000000000000357564794101587,0.997611770331006
"CAATTTCCAGCGAACA.1",0.931886271667937,0.000514637084101713
"AACCACACATCATTTC.1",0.0456362014733099,0.0000000399896654977145
"AGTGTTGTCCCATAAG.1",0.00000000000000000000000000000000000000000000000000000000765559628217834,0.998835197788745
"CCCTCTCGTTGGTAGG.1",0.0000670162965693287,0.991585140662172
"TCCCATGAGAACTCCT.1",0.0000000000000000029910835721507,0.964889313260099
"CCGTAGGTCCGTAGTA.1",0.00721583955054433,0.0403030789840395
"TTTGGTTAGCACTCAT.1",0.986990027832088,0.000314377446313948
"GAGGGATCACTCGATA.1",0.999072023109406,0.000000269343991670954
"TTTCAGTGTGTGACCC.1",0.0000000000000000000000000000000000000000112465394413312,0.579760962164051
"TGCTGAAAGATTAGTG.1",0.999635529226718,0.000859231607875225
"GTGCTGGTCCCTCATG.1",0.999877356639473,0.000107915520472868
"CGATGCGAGGCCTTCG.1",0.000000000000000000000000000000000000000000000000000000000000000000000000000000000000000000000000000000000000000019874259372274,0.998368481058383
"GAAATGACAATGGGTG.1",0.000000000000000000000000000000000000000000000000000000000000000000000000000000000000000138243408376783,0.996068097795148
"AGTGATCGTCGCACGT.1",0.436176554580205,0.0000919402113134288
"TGAGCATAGTGTGTTC.1",0.999154251354486,0.00148724194162338
"GAACGTTAGTAACGAT.1",0.0000000000000000000000000000000000000000000000000000257197095033464,0.201623080826187
"TCAAGTGAGCGTGCTC.1",0.931406862503429,0.00213600469716284
"CGTAAGTCACCATTCC.1",0.994147656594287,0.0021874072173567
"CATTGAGGTTCACCGG.1",0.965053599435065,0.000882759464769175
"ACACGCGTCGTCTAAG.1",0.000000000000000000000162828127106235,0.981784327452563
"TGCATGAGTCATGACT.1",0.996703095246715,0.00530234858525153
"CTCACTGGTCGACTTA.1",0.633164379791588,0.0000103549908764039
"ATTCGTTGTAGACAAT.1",0.933940106763292,0.00029626385012961
"GGGAGTAAGGTAAGGA.1",0.000000000000000000000000000000000000000000000000000000000000000000000000032711421828383,0.959177619862623
"TGAATGCCAAAGGGCT.1",0.00802496865583784,0.0215668653228625
"GGAAGTGGTGCTCCGA.1",0.999980552778737,0.000171406248410279
"ATTTCTGAGACGCAGT.1",0.0113952080565812,0.0001754709018139
"CATAGACCAGAGATTA.1",0.999929740370104,0.0000110779721118177
"AGTGATCGTATCCCAA.1",0.89488118964742,0.00208594461578576
"AGGTCATGTTAGTTCG.1",0.949982510695737,0.000568647842459423
"AACCACAGTTAGGGTG.1",0.980957930727573,0.00178662771482551
"TAAGCCACATGTGACT.1",0.0493560612089714,0.0000991360496303727
"GCGTTTCGTAAGATCA.1",0.994347750028437,0.00065256890648123
"GTTGCTCAGTCTGCGC.1",0.000000000000000000000000000000000000530724084140928,0.445553055554559
"CATAAGCTCACTGCTC.1",0.396947195391133,0.00000039420171187157
"TTGAGTGGTGCCTTTC.1",0.997187171970572,0.00210789407970233
"TAATTCCTCCCGATCT.1",0.917047311882956,0.00590115030140348
"TGTACAGGTACCAGAG.1",0.000129151834625409,0.0387205775058942
"TCAAGTGAGTTCATCG.1",0.912685615823311,0.000515683053651369
"ACTGTCCCACTTGAGT.1",0.0000000000000000000000000000000000000000000000000000014766480159859,0.451174604811958
"GGGCTCATCTCGGTCT.1",0.999845482599895,0.000086700333397613
"AGCGCTGGTCGGTAAG.1",0.0109953469314567,0.00882694949280684
"CAAGCTATCCCTGGTT.1",0.993543131504342,0.0019901601675288
"GATAGCTTCCAACCAA.1",0.0000000000612765996357637,0.999249856875036
"GTTAGACGTGGTCAAG.1",0.935012684852386,0.00000170420165962152
"AATCGTGGTGGATGAC.1",0.0000000141155757979978,0.0207680174502641
"TGAACGTTCGCCAATA.1",0.930716702304227,0.0143106546316209
"CAACAGTGTACTCCGG.1",0.953345592769392,0.000738043824404737
"ACTTATCAGACGCAGT.1",0.00000000000000000000257339335104059,0.534688917571746
"AGCCACGTCCGTTTCG.1",0.00000000000000000000000000024384200755565,0.788772713474012
"AGGGCTCAGTAACCGG.1",0.957604427073858,0.000571815114441871
"GATAGCTGTTAAGTCC.1",0.908715285253479,0.0010146867969921
"CGGGCATTCACTCCGT.1",0.972383852015667,0.000573265475821549
"ACGATCAAGGAAGTAG.1",0.0000000000000000000000000000293018574819013,0.474641060265622
"GCTACAAAGCCTGTGC.1",0.37458169864509,0.00967711963403123
"GATTCGACAAGGACAC.1",0.99702930450191,0.0165380881936678
"CCTTTGGCAAATCGGG.1",0.971859241233409,0.00096666690430348
"AGTCATGCACGTTGGC.1",0.999795886197157,0.000291533492746212
"AGCTACATCAACTACG.1",0.0000345918633505761,0.010963214399986
"GTCCTCAGTTGGTGTT.1",0.996244703096414,0.0336601258708214
"CAGTGCGAGTTCCGTA.1",0.998190457703758,0.000734215245212433
"AGACCATGTTGAAGTA.1",0.999980373239139,0.000341986229790625
"ATCGGATTCCGCCTAT.1",0.999383515105595,0.00225480331862001
"GGAAGTGAGTTTGGCT.1",0.991399385804267,0.00036727592300198
"GGCGTCATCATGCCCT.1",0.958088720494396,0.000372423857244577
"TTGACCCAGGGAGTGG.1",0.191007163815802,0.000446610150437719
"TCACGGGGTAGACTGG.1",0.999906410849161,0.000459583765054195
"CAACGGCCACATATGC.1",0.19446225091482,0.0226214157692397
"TCGTGGGTCCACGTCT.1",0.998557450986252,0.000797062416586076
"GACACGCAGTCTGGAG.1",0.999567009161496,0.000734039593842313
"TGGGTTATCAGCTGAT.1",0.281176493806524,0.000203776647125883
"TGGAGGAGTAGGGTAC.1",0.985345558072512,0.00118549509193138
"AAGCATCCAACTCCCT.1",0.975149214849494,0.000150725427582251
"AAAGAACTCAAGGAGC.1",0.932318074915205,0.000736472826860891
"TCAAGACCACAAATAG.1",0.9991444139979,0.000612524981596501
"AAGAACAGTCGTATTG.1",0.0000000000000000000000000000000000120971781675636,0.734353212510659
"TGGATGTCATACTGTG.1",0.999379544933025,0.00015202731519553
"CAGCAGCGTGGCTGAA.1",0.999997494152058,0.0000788320777424194
"CCTCCTCTCGTTGTTT.1",0.99995871097369,0.000150333216909663
"AAAGAACAGTCAGCGA.1",0.992065180643286,0.000414574446723886
"GGTGGCTGTATGAAGT.1",0.0000024382641873115,0.214772875550013
"CTCATTAGTTGTAGCT.1",0.302865225038797,0.0043486047396088
"GGATGTTTCAGGGTAG.1",0.947846309603885,0.000566941603480702
"CTCACTGGTAACCCGC.1",0.831716567155919,0.00000456692312313316
"GATAGAAAGTTTCAGC.1",0.868188273978117,0.0201006899730244
"GTCACGGGTGACACAG.1",0.999998932479773,0.0000164993241141174
"CACCAAATCATTACCT.1",0.999982984478919,0.000229174303806971
"TCTCCGAAGACATAAC.1",0.998964545054378,0.000562252549824472
"TCATCATCAAGTCGTT.1",0.999994299683879,0.0000459462357121233
"TTTCACATCGTCACCT.1",0.978624521190318,0.00530205105153922
"TTTGATCTCTCCCTAG.1",0.999942829565877,0.000316950995619262
"CTACATTAGGATATAC.1",0,0.999513008953441
"CGAGGCTGTCGATGCC.1",0.999786627522454,0.000632462472566381
"ATCACTTTCTCTGCCA.1",0.021858529325662,0.185524055337849
"GGCTTGGGTGAGGAAA.1",0.999481133272314,0.000524610886024301
"TCAGGGCTCAGGAAAT.1",0.97599678260181,0.000752392236307308
"GGTGTTACAAAGCTAA.1",0.990917139654765,0.0000709069217678154
"CACTTCGTCTGAGGTT.1",0.312438622239134,0.000196745162448468
"TTCCACGGTATGAAGT.1",0.828059874497989,0.000252888667831401
"TGGGAAGTCGCATAGT.1",0.999993737760051,0.000235607140743264
"GTTACAGAGGCAGCTA.1",0.224044146076603,0.269752187939301
"TCGACCTAGAGATTCA.1",0.999585044715407,0.000399261521512747
"GCACGGTCAAGAGATT.1",0.999658466103515,0.000455348334958345
"TCCGGGAAGAGCTTTC.1",0.0998478486313053,0.557277558242096
"AAAGGATTCGAGATGG.1",0.947462743929776,0.000479226268811386
"GCGGAAAGTTCAAACC.1",0.999901900467841,0.000125215161940204
"TGAATCGAGAAGAACG.1",0.99433400790306,0.000259271694266091
"GCTTCACAGGGATCAC.1",0.208654651262843,0.0610114898984909
"TCTAACTGTTGCACGC.1",0.63848195250017,0.00197063041537681
"AGGGTTTGTATGAAGT.1",0.924008649313023,0.000753845674926407
"AGGTAGGCAGGCATGA.1",0.999999448307213,0.00000123812175667432
"GTTGAACAGGGTAGCT.1",0.983382017545674,0.0000880793755070541
"AGGATAACAGGTGGAT.1",0.000000000000000000000000000000177493647797879,0.997510743615231
"CTGGACGAGCTAGCCC.1",0.941640677774569,0.00966636930603424
"GGAGGTAGTAGTTAGA.1",0.999996575692499,0.0000325751138507819
"ATGAGTCCAATCGCCG.1",0.996126835124929,0.000430229242739423
"TGAGGGAAGCCACCGT.1",0.897251224336788,0.000584378046343578
"TACCTGCCAAATGCGG.1",0.999908356293636,0.000270514298538135
"CTCAACCTCCACAGGC.1",0.149576156122112,0.00856760476539184
"CGTTAGAGTTACCCTC.1",0.992461993998455,0.0188183651320704
"TGCGGGTTCCTAGCCT.1",0.323309798078958,0.00039945286463903
"CCTCAACGTACCGTCG.1",0.992648911320484,0.00265108324158382
"GCCAGCACAAGGCGTA.1",0.00000000000000000000000000000000000000406677247249371,0.871837494602199
"TCATTGTCAGACCCGT.1",0.00000000000000000000000000000000000000000190829234569051,0.546546217091492
"CAGATACTCACAAGGG.1",0.673873775385846,0.000193165272202027
"CCTCATGTCCGCTTAC.1",0.998109210796544,0.000063263317244321
"CACGAATGTCGAGTGA.1",0.998142443278838,0.0000831967810890873
"TTGGGCGAGGACGCTA.1",0.991406119610545,0.000424732477890311
"ACTGCAATCGTAGTGT.1",0.998005918062404,0.000435847762890909
"AGAAATGCATCCAACA.1",0.999849060576081,0.0000279878033337228
"TGTTGGAAGAGTTGAT.1",0.0000000000000000000000000000000000000000000000770809491847718,0.96041800775137
"CTACGGGCAAGTATCC.1",0.950430157176976,0.000508351551382474
"AGGTTGTAGGTGCAGT.1",0.927493016609134,0.000512618547512654
"TTCCGTGCAGGACAGT.1",0.992415671179949,0.000546102059455435
"ACCAACAAGTAGAATC.1",0.37096777345701,0.00000382170502456042
"AGAACCTCAGACCAGA.1",0.99999228644514,0.000229102181582413
"GGTAACTTCTTCCCGA.1",0.999981452011972,0.0000047679504529736
"CCAAGCGGTGGTCTCG.1",0.0000000000000344070496420723,0.218027661895726
"GTAGCTACAGTGGGTA.1",0.896165464592684,0.000518017511759982
"AGAGCCCAGTGGTGAC.1",0.45753563862906,0.00715030152450846
"GATGCTAAGCTATCTG.1",0.748617192586261,0.0000245954674668856
"TATGTTCAGTCTGTAC.1",0.999986256967866,0.0000179564750266694
"TGCTGAAAGTAGACAT.1",0,0.971764619498157
"TTAGGGTGTAATACCC.1",0.787023036842531,0.0000306204934209585
"CTGTGAAAGCACCCAC.1",0.997727790474141,0.0000780128413952092
"TATTGGGGTACGATGG.1",0.21794807220904,0.00250936577167955
"GAATAGACACTGCACG.1",0.999735745971962,0.000268749881470979
"CCTAACCAGGATTTGA.1",0.994363913045305,0.0036308018862834
"GCTTTCGAGGACACTG.1",0.978603709515658,0.000905949847321663
"GCACATAAGGACGGAG.1",0.0000000000000000000000000000000000000000753240360546134,0.504778041400371
"TTCAATCCAGGATCTT.1",0.998350420991965,0.00104575771747507
"CTCTCAGAGCTGTCCG.1",0.518048738780848,0.00000861235526867095
"TCGCTTGTCTATACTC.1",0.937571373612475,0.00488001574824636
"TGGATCATCATCTATC.1",0.960033638287061,0.000419910065039743
"GTAGGAGTCAAAGACA.1",0.000000000000000000000000000000000000000000000000000000866409967979947,0.305904876559969
"GCACATAAGAGAACCC.1",0.999998770757588,0.0000485355336829369
"TGGTAGTAGTGTAGAT.1",0.0460500908945969,0.00193359480132222
"TTGGTTTAGCCGCACT.1",0.220199575651757,0.211631512436011
"GTGTGATTCACCTCAC.1",0.0000000000000000000000000000000000000120832903351429,0.651639971282983
"CATGGTACAAGCCTGC.1",0.189194823919169,0.0000412946702778692
"AAAGTCCCAGATAAAC.1",0.999998711167183,0.0000904119174200049
"CACAGATAGTCATGCT.1",0.99999660023165,0.000012849303797549
"GTCTGTCCAGACAAGC.1",0.965616630792592,0.000495124527025883
"TCATACTGTCATCGGC.1",0.338685682535701,0.0000608062930838556
"AATGGCTTCCTGGTCT.1",0.000000000000000000000281638783652679,0.796659548937877
"AGGAAATTCAGCTCTC.1",0.00429321448932209,0.00730198404791887
"TGTTACTGTTCCTAGA.1",0.961828951351836,0.00336391336219123
"TAGTGCACACATATCG.1",0.000569145694890999,0.0299356807931255
"CGCATAAAGACAGCGT.1",0.00000556010235148902,0.000000434738534405837
"ACTTAGGGTGCTAGCC.1",0.0879446818900285,0.0000388377975041748
"GAGTTGTGTAGACTGG.1",0.999302698127315,0.000419843425628764
"ACGTCCTCAGAGAGGG.1",0.968573620434977,0.00163119784763864
"AGTCACAGTACAAACA.1",0.0000000000556977786972695,0.307505773296138
"TCGATTTTCCACGTAA.1",0.968180812583898,0.0112988330472324
"GACTATGGTCCCGTGA.1",0.933257204310554,0.00247949050849345
"CGGACACTCCAATGCA.1",0.999954738111483,0.00271830010684832
"CACCAAAGTTCGGTTA.1",0.422182664770994,0.0696403145528125
"CAATTTCTCAAAGAAC.1",0.996824297362608,0.00387271042954241
"CCATCACGTGCCCTTT.1",0.967903329486384,0.000345542983512163
"TCATGCCCAGTTCCAA.1",0.00198154627414055,0.413167399590029
"TATTCCAAGGACAGTC.1",0.191380444240176,0.00235415083336977
"GACTTCCAGTCAACAA.1",0.999432248055832,0.0014431174133754
"CAATTTCAGTACCCTA.1",0.969442797955904,0.000359411319836707
"TCTACCGTCTCGCAGG.1",0.999967125108355,0.000493755109025257
"TACTTCATCTTCGACC.1",0.925941633218111,0.00100432901962071
"GATGTTGTCATGCAGT.1",0.998093031278329,0.000684130468961218
"CGAGTTACAGGTTACT.1",0.915784864136472,0.0165255299653864
"GTTTGGATCCCTCGTA.1",0.000000000000000000000000000000000000856753289973151,0.993856897173082
"CTGTATTGTGTTGACT.1",0.305741782193545,0.00844163612017713
"GCTACCTAGTGACACG.1",0.92910380862327,0.00202511053635725
"TTCCAATTCGAGAAGC.1",0.913485255173373,0.00000416262689996041
"CTCATCGGTAACGTTC.1",0.889838183575186,0.00503711647247429
"TTTGGTTTCTCGGTCT.1",0.965640690587947,0.000764058206590137
"TAGACTGTCGAAGCAG.1",0.22154763475694,0.0012678153836944
"TATATCCGTACTGTTG.1",0.000000000000451579933213369,0.290817582720031
"AACCTGAAGTCGCGAA.1",0,0.998259742865899
"GATGGAGCAGCTGAGA.1",0.952355789192532,0.0000131519251060384
"TGGAACTGTACTCGAT.1",0.000000000000000000000022554423662835,0.9940510987524
"AACAACCCATAGCACT.1",0.910418490439561,0.000602898081031183
"GCAGCCATCTAGGCCG.1",0.955524087023121,0.00153884633812836
"TCTTGCGGTTGGTAGG.1",0.000000000000000000000000000000000000000000000000000000000000000000000000000000000000000000000000000000000000000000000000000000000000000000000000000000000000000000000000000000000000000000000000000000000000000000000000000000000000000000000000000000000000000000000000000000155747542457562,0.995501084912893
"TACCCACCACGCTGAC.1",0.999998250544048,0.0000021817461847847
"ATCGTGAGTAGTTACC.1",0.000000000158347379666555,0.172152305228998
"CAGAGCCAGCCTCATA.1",0.973979603577036,0.000561314768383485
"TCACACCAGGTGATCG.1",0.00000000000000000000000000000000882388825136318,0.394453529522102
"CTTCCGATCCATACTT.1",0.499821269089879,0.00606788740034
"CTCAGGGGTGTACAGG.1",0.000000000000000000000000000000000000000000000000000000000000000000000000363546729712839,0.537670838734883
"TGCAGATGTTTACTTC.1",0.953835519691061,0.019640237966749
"TGACAGTGTGAGATTA.1",0.929070108913041,0.0000733124956221555
"CAACGATTCTAGTGAC.1",0.944979395659526,0.0000430643486543135
"TGCAGTACAGTCGCAC.1",0.991882480138521,0.0000747836523025033
"TCCTTTCTCTAACGGT.1",0.999927897513135,0.000307069292376932
"GGGTCTGAGCTGTACT.1",0.998071433840463,0.0000511536727502166
"AGGAGGTGTGCCAAGA.1",0.680727800276514,0.00000284737517700692
"TAGATCGTCTCTTGCG.1",0.953837251060097,0.000477775227288722
"TCACAAGCAGTTAGAA.1",0.00829194032784915,0.00389904059650434
"CCTGCATGTCGTTGCG.1",0.921619941892599,0.0349697303208263
"CGCGTGAGTAGCTAAA.1",0.520299250614335,0.0370348056909165
"TTTCACAAGATGATTG.1",0.987128933346579,0.00259071723797425
"GCTTGGGCACGAAGAC.1",0.999395340258547,0.000434256004001788
"GATGTTGTCCTGTACC.1",0.974160984370802,0.000515047430490754
"CCTCCTCTCGCCAGTG.1",0.913863436807665,0.00198289528701732
"GTCACTCCACCTCTGT.1",0.998979622222454,0.000301040246333024
"ATGCGATAGCGCCCAT.1",0.614512012108967,0.00703538336605465
"GTTACGAGTGAGACCA.1",0.688160424266085,0.000116766672089198
"AACACACCATCTGGGC.1",0.999964425779287,0.00186726626577274
"CTCCACATCACACGAT.1",0.987223496036989,0.0101423017935705
"TGGGTTAAGGGTTAGC.1",0.890837604434815,0.000679252847802729
"CTACGGGGTACTGACT.1",0.535317436490385,0.0260557815063083
"CATTTCACATCCTTGC.1",0.999995736763909,0.0000473271909500569
"CGAATTGGTAGGCAGT.1",0.995587491832725,0.000490477838377377
"ACATGCAAGGTAGTCG.1",0.984117652455585,0.0151255913620558
"CAAGCTAGTTGTACGT.1",0.999778646436577,0.00556728734812255
"ATCCGTCGTCTTCTAT.1",0.969807306032982,0.000409557014049397
"AAAGTGACATTGCTGA.1",0.999748176895864,0.000517125859866572
"TTTGTTGTCTGTCGTC.1",0.999376230780837,0.000392518111367497
"TCATTCATCGCCTTGT.1",0.969327093989871,0.0222793698390257
"TTGGATGTCGATTCCC.1",0.94507763198936,0.000322099471753962
"CGTGTCTAGAATTGTG.1",0.999227647088924,0.000382304256392591
"ACGTAGTAGAGTCAAT.1",0.0310067523312997,0.00206585734196704
"GCAGGCTTCCTTCTAA.1",0.999500074938822,0.000455196154542245
"CTGGTCTAGAGAGTGA.1",0.99998761310145,0.000437791194331203
"GTACAGTTCGAGAACG.1",0.718681139774479,0.00011937809579785
"TACAGGTGTACCTAAC.1",0.00000000000000000000000000000000000000000000000187095194777557,0.103655727306219
"GGTTGTACACATATGC.1",0.510146512769094,0.0000843015494415457
"CACAGGCAGTTTGTCG.1",0.00220324181338373,0.075254372114553
"CTCAGTCAGGAGAGTA.1",0.00000000000000000000000000000000000266555102642503,0.778859307896621
"CGAATTGTCCCTGTTG.1",0.814344578758692,0.0179856784743913
"TGCAGATAGATTTGCC.1",0.0000000000000000000000000000000000000000000000000000000000000000000000000000000000000000000016490399585712,0.984009150981776
"GGGATGAAGCGACAGT.1",0.997823861449816,0.000794078797364968
"TAGCACAAGGAGAGTA.1",0.00000088456254721047,0.0324140885957671
"TGAGGGAAGACACACG.1",0.0000389527557697067,0.000000659810519044454
"TCCCAGTCATCGGATT.1",0.000000000000000000000000000000000990279823755795,0.141749311991293
"ATCGGATGTTCGTTCC.1",0.000104823860049605,0.441296636287832
"AGGGCCTGTCCACATA.1",0.106309348238772,0.00597418999147767
"ACTATTCAGACGCATG.1",0.971536347822656,0.00017372389117247
"TCGGATAAGGGTCAAC.1",0.0348732338520736,0.00588285364285843
"CTGATCCCACCGTACG.1",0.999998726367491,0.0000564899706036175
"CTTCTCTGTCTGATCA.1",0.00000000000000000000000000000000000000000000000000000000000000000000000000165610387063048,0.998103904975736
"TTCTAACTCTACTTCA.1",0.862696261095576,0.0000308604185015161
"TGTGGCGGTACTCGTA.1",0.999996127721157,0.000162516856205908
"GGTTCTCTCGTTCGCT.1",0.0000062079452754555,0.0159459148135206
"ATCTCTATCAGCATTG.1",0.00000000000000000000000000000000000000000369368725020086,0.998225491079776
"GACCTTCTCAGCGTCG.1",0.999937177949902,0.000598563923329657
"TGCCGAGCAAGGAGTC.1",0.00774474874062267,0.0000686868880490273
"GCCCAGAGTGTTTACG.1",0.999999469935452,0.0000271740456617046
"AACAAAGGTACAGTCT.1",0.00000000000000000000000000000000000000993155985695204,0.597509488784867
"ACGTCCTGTGAATTGA.1",0.00000000000503565907112152,0.275476447734818
"TCCCACACAATCCAGT.1",0.0651947065911082,0.000349599371371767
"TACACCCCAACCGACC.1",0.999786166213995,0.000414630033478684
"ATACCTTCATTGACTG.1",0.999951541412228,0.000453331989120058
"CATCGGGTCTTCGCTG.1",0.923802375539417,0.000369752904319318
"CTTCAATAGGTACCTT.1",0.51534177593698,0.000132803776441243
"GACCTTCCACACTGGC.1",0.999984407947982,0.0000769796026314587
"GTCGAATTCTGAGGCC.1",0.99995261604637,0.0000493440493827591
"AGCGCTGAGGCTGAAC.1",0.0375075127902425,0.503569494290041
"TCGACCTGTACAAGCG.1",0.99858813841991,0.00042984873766633
"CCGCAAGCAGACAAAT.1",0.00689945088106859,0.0123718568502993
"CCCTCTCAGGGCGAAG.1",0.996992654372997,0.00142443706163527
"AACGAAATCCCAACTC.1",0.896172690403124,0.000148639599995236
"AAGTTCGTCCGACATA.1",0.0000000000000000545012060115846,0.887322030033699
"ACATGCATCGGCATAT.1",0.999377945204111,0.00115685716806576
"CCGTAGGTCTAGCAAC.1",0.995406303688739,0.000073167164720874
"GGGTTATGTCGAGATG.1",0.0922107383307594,0.00297573971040218
"TCCACGTGTGGGCTTC.1",0.946274067197526,0.000330310341262755
"GGGTTTACACAGAGCA.1",0.50585694516888,0.0000100648831177295
"TCTTAGTGTAGACAAT.1",0.0000212457690388232,0.0919650359906356
"TTCACCGAGTGTGTTC.1",0.951125800368796,0.00107887535417608
"GCTTGGGTCCCGTAAA.1",0.974274707941433,0.000710385133451268
"TCGCACTGTCTACTGA.1",0.971498453794412,0.00104269394456803
"GACGCTGGTAGGCTCC.1",0.999998400034802,0.0000818821571657533
"ACCCTTGTCAACCTCC.1",0.000000000000000000000000000000000000000000848717048951154,0.927809284765072
"CTACAGAGTTACGGAG.1",0.996221010387479,0.00144614068228877
"CACGAATCACGGTAGA.1",0.997248280698559,0.000661283699824769
"GTCCACTCACTCAAGT.1",0.999853807178219,0.00126658753015823
"CGATGCGGTGCAGATG.1",0.489800689374748,0.00310123313079664
"CACATGAAGCTGTACT.1",0.582031210578417,0.051358506079282
"TACGCTCTCCTCTAGC.1",0.740116450076783,0.000265054531097644
"CCCTCAACAGACCCGT.1",0.000000000000000000000000000000000000264627689826727,0.716890379696129
"TTCTTGATCACTACTT.1",0.122782340385891,0.418197269629149
"GAGTCATCATAGCTGT.1",0.836418992169935,0.00000826166858304715
"CAATACGCACTAGGTT.1",0.986956800204439,0.000738704780630255
"TACCGAAAGGAGGCAG.1",0.999615154773785,0.000259892322536761
"TCTTAGTTCCATACAG.1",0.999981729347388,0.000263014355648392
"CTACCCATCATTTCCA.1",0.974953416446976,0.000393111468356864
"GGGATCCTCGGCCAAC.1",0.910780085077092,0.000412122045772535
"GATTGGTTCTATGCCC.1",0.00025311474980884,0.151571655216121
"GTACAACGTTGGACTT.1",0.000000000000000000177950700266642,0.982346459196355
"CTCCTCCTCGCAGTTA.1",0.991717809149649,0.000426195018282171
"CAGAGCCCACTACTTT.1",0.485108208774351,0.000005596701459898
"TGCTTCGAGAGTGTGC.1",0.968638028825505,0.00792864605703124
"CTCAATTGTACTTCCC.1",0.919913130361198,0.000763188263834542
"GTTGCTCTCGTCGATA.1",0.0000000000000001078221517881,0.341105215440011
"GGTTAACAGATCGCCC.1",0.593532962884769,0.00000743467751487708
"CCCTAACTCTGGACTA.1",0.999969147807514,0.000360473003204353
"TACAACGTCGACGCGT.1",0.725539518275167,0.0136939451257116
"TCTTTGAGTTCCGTTC.1",0.0000000000000461607642998862,0.996506402188968
"GGTCTGGCACGATTCA.1",0.999999233177372,0.0000440099391673714
"TTCCAATAGTTTGCTG.1",0.999944424405242,0.000161363613450322
"CAAGCTAGTGGCACTC.1",0.00864155738013832,0.00000315464228088224
"TTCTCTCCATGGAATA.1",0.955722494292429,0.000113247880953193
"TGGGCTGGTATTGCCA.1",0.0932440321036904,0.0000980136755708248
"GTGCTTCTCTCGGTAA.1",0.954319492889689,0.00122233639289591
"GACTATGAGAGCACTG.1",0.970604212938769,0.000473623134369261
"AATGGAACAGATTTCG.1",0.00000000000000000000000000000000000000000899649230155044,0.404339605850982
"ACTTTCATCTCACGAA.1",0.958547756414787,0.00355862193323978
"CACCAAACATCGAACT.1",0.933575400840691,0.201719867732067
"TGTAAGCAGTTGTCGT.1",0.96054955572222,0.0094421503194757
"CTGCCATTCATAAGGA.1",0.448175496703973,0.00654576845784532
"CAGGGCTTCGAACTCA.1",0.969680040445016,0.00252352047179883
"ACGGTCGGTCGCTGCA.1",0.0000000000000000000000123645929840421,0.999997103312483
"TTTACGTGTTGCTGAT.1",0.000000000000000000000000000000000000000106471953588237,0.959116824462089
"ACGTAGTGTTCATCTT.1",0.902149009698253,0.0553861232359654
"ACCTACCGTTGCAACT.1",0.985604536144155,0.00269973375852077
"GATTCTTGTGGCTTGC.1",0.99988661466084,0.000418432193533108
"TTGAGTGTCTAGGAAA.1",0.958940821909292,0.00272098080282667
"ATCCGTCGTCCGAAAG.1",0.00000000000000000000000000000000000000000809200576365102,0.114923152844643
"GGGATCCTCCCAACTC.1",0.000000000176181134934011,0.252671083017729
"TTCCGTGGTTATTCTC.1",0.998061357239146,0.0014134266664604
"CCTCATGTCGACGACC.1",0.91558159380667,0.000453778646058692
"GTACAGTAGACTGGGT.1",0.976470170399995,0.000911587839373208
"AACAAGAGTATACAGA.1",0.00000000000000000000000000000000000970047084378065,0.716066172113668
"GTTCGCTCAGTGCGCT.1",0.0000000572444266174493,0.998796273512053
"ATTTCACCATGGGTCC.1",0.991488408007661,0.000799212538029841
"TGTGCGGTCTGAGTCA.1",0.00000036303297022751,0.568595142238397
"CTAAGTGAGTTGTCAC.1",0.00826188942926863,0.512954807827201
"CGGGACTGTACGCGTC.1",0,0.94117409749358
"CATACAGTCGGTCATA.1",0.821114243144065,0.00779968642377406
"CTTCCTTGTGCTCTCT.1",0.99718138112712,0.000768594774305548
"CTTACCGCACAACGCC.1",0.128045183815576,0.0808015371774664
"CACTAAGAGATGACAT.1",0.000000000000000000000000000000000000000287137016336052,0.743126684202962
"TGCATGAAGAGGGTCT.1",0.00000000000000000000000000000000000000000943091672120209,0.70554108662604
"ACCGTTCTCCACAGCG.1",0.966713819004189,0.0075218288052512
"AACAAGACACGTGTGC.1",0.00000000000550919898479032,0.059511602920466
"ATCCACCGTTCTTCAT.1",0.000000000000000000000000000000000000000000000000284323626059238,0.926118546993862
"CACGTTCCAGTAGTTC.1",0.99971817035809,0.0000561554686025006
"CCCGAAGGTGGTCTTA.1",0.973129407408931,0.00112414656561572
"ATACCTTTCTCAGAAC.1",0.966686295928147,0.000642370428392933
"CCTAAGATCTCGAGTA.1",0.987201990431895,0.000163089839448506
"CATCGCTTCAAGAATG.1",0.998946672005792,0.000273589133045485
"CACTGGGCAAGTGGGT.1",0.998849066458348,0.0000280588875536401
"TGTGTGAAGTTGGCGA.1",0.940010059517318,0.000948379655641759
"TCCTCGAAGGGCAATC.1",0.351873409753614,0.000494945226972512
"AGGAAATAGACGGAAA.1",0.000000000143150372893073,0.863694101889714
"AAGTTCGCAAGGCAAC.1",0.0268772666322066,0.0128682400218804
"CCGTGAGAGAAGCGCT.1",0.973376228600896,0.00120698607343824
"GATCGTAAGTGCAGGT.1",0.95296387901323,0.000489912172201894
"TCATACTCACTGATTG.1",0.999998458274308,0.00000212907361482943
"CGTAATGCATTCTGTT.1",0.935568344148584,0.0122458718011282
"ACGCACGGTCATCTAG.1",0.999759220985846,0.000337823996126379
"TTGTGTTCAGGCGATA.1",0.853680079789292,0.000112056600803393
"GTTACAGCACAGCATT.1",0.231682897996765,0.00118667619545235
"GCCAACGTCAGTCATG.1",0.998202164345565,0.000729642100843267
"CAGGTATCAAACAGGC.1",0.0000000000000563832368580878,0.00123592405501621
"TCAAGCATCATCGCTC.1",0.0000155175067479124,0.00045318446283755
"CGGTCAGAGATGGCAC.1",0.0184439308442187,0.0000694220122335547
"TTGGATGTCGCTTACC.1",0.999963295435656,0.000488959955661882
"GCCCAGACAGTCAGCC.1",0.999996558756461,0.0000000535282998492506
"TGCACGGGTTCATCTT.1",0.999224401960689,0.000175717988707489
"CATAGACTCCTAACAG.1",0.524992715877962,0.000777943577491627
"AAGCATCAGCTAAACA.1",0.996995956330357,0.000164378934315175
"TAACCAGCACTGTCCT.1",0.0000413791686744951,0.470139677158861
"ACCGTTCAGGGACACT.1",0.999994534677249,0.000146495397876484
"TGGGATTTCACACCGG.1",0.999994823202202,0.0000058564482455088
"TACTTACTCTATGTGG.1",0.000000000000000174451826912708,0.998099009622935
"CACGGGTTCGGTCAGC.1",0.999426139651037,0.000292092082699073
"GCGTGCAGTCCAGTTA.1",0.00000236277226085249,0.811921852584681
"CCTCAGTTCATCGCTC.1",0.999990733238955,0.000119867575773913
"AGGTGTTCACAAGTTC.1",0.999765490296206,0.000258237825598672
"TTCGCTGAGGCTCTAT.1",0.999995166498471,0.000175221701254834
"GTAGTACGTCTAACTG.1",0.260093164914962,0.000174616420719298
"ATACCGACAATTCTTC.1",0.000116330923009069,0.662066566001297
"CAAGACTAGATGACCG.1",0.999946033797882,0.000145562766144372
"CCAAGCGCATATCTGG.1",0.908289584894486,0.0000352553046378504
"AAAGGGCTCTGCCTCA.1",0.0000029774458151032,0.0974660519854318
"CCTTTGGGTATCCCAA.1",0.999796684026568,0.00191738499622509
"TATTCCAAGAGGATCC.1",0.999457486374337,0.000636343904214531
"CTCTCAGGTGACACGA.1",0.9999967303008,0.00011563239045225
"CTCTGGTAGTCTCCTC.1",0.0000000000000000000000000000000000000000000472960051071317,0.796805076158378
"TACGGGCAGTCGAATA.1",0.00000000000000000000000000000000000000000000000000000000000000000000000000000000000000000000000000000000000000000000000000000000000000000000000000000000000000000000000000000000000000000000000000000000000000168128211644479,0.011389497005033
"CATCGTCTCTCCAATT.1",0.0247396970873278,0.000250217411927755
"GCCAGCATCCTAAACG.1",0.00028831050747276,0.00162472999498232
"GGGAAGTTCCCATACC.1",0.0883839026524062,0.0000112829957387505
"TGCAGGCGTAGTGTGG.1",0.805957798029116,0.00401782954538785
"ACTCCCATCCGGACTG.1",0.977093866703436,0.00113959967427483
"GTTAGTGAGGCAGTCA.1",0.917114581956573,0.000641555918634427
"CTCCTTTGTCGCAGTC.1",0.000249933619898119,0.0537959232224399
"AACCTGAGTATGGTTC.1",0.982619432963963,0.000535387516862638
"AGGATAACAACTGGTT.1",0.0000000000000000000000000173530951676531,0.832514685317225
"ATCGGATAGGCTGTAG.1",0.999939950204692,0.00106494941201836
"CCTAAGAGTTCCGCAG.1",0.050098671429133,0.000000017869499372195
"TTTCCTCCACGGAAGT.1",0.562480794355203,0.000808971558735886
"AACGTCACAAGTCGTT.1",0.00000000000000000000000000000000184634016681323,0.820774300005719
"AAAGGATCAATACCTG.1",0.994945796751515,0.000680180103716644
"CGATCGGAGCAGAAAG.1",0.935719818621234,0.00425677611143172
"AAGCGTTCAACCCTAA.1",0.999631977482819,0.00125327710636309
"CTCCTTTTCCTAAACG.1",0.941335310382911,0.000167589658829726
"CTCTCAGGTCACTAGT.1",0.00693153594178166,0.239088739460624
"AATGGAACATGACTGT.1",0.974717221739791,0.000608485220632441
"GAAGTAATCCATCTAT.1",0.999874731473299,0.00125658310812597
"TGTTGAGGTACCGTGC.1",0.934006246715228,0.000171723519202582
"AGCTACATCTCCCTAG.1",0.995168073162082,0.000377070436156685
"CCACACTTCTGGACTA.1",0.000000000000000000000000000118899070059776,0.987245470583135
"TAAGTCGCATTATGCG.1",0.986463777635479,0.0024546944261377
"GTACAACGTACAAGCG.1",0.0237524711678417,0.0155752247742268
"AGTGCCGCACCAGACC.1",0.000000000000000000000000000000000000000000109137319697799,0.109584127417716
"CACGGGTAGGTCGTAG.1",0.981998201848347,0.0090126124675362
"GCCTGTTCAACTGTGT.1",0.00000000000000000000852152231797434,0.9942359903494
"AGGGAGTGTGCAAGAC.1",0.970485231066872,0.00117084315029046
"TTCCGGTGTGGCTGAA.1",0.992169141428847,0.000511992126414661
"TTAGTCTTCAGCAGAG.1",0.994150519801224,0.000436216177150514
"GAGACCCTCTACTATC.1",0.00147886997959248,0.000245020136552803
"GCACATATCATGGCCG.1",0.235697283056585,0.00386385839045818
"TAATCTCCATTAGGCT.1",0.984696366526272,0.000000778930491221357
"TCATGCCAGAAGCCAC.1",0.877204345718984,0.0000322056536569236
"ACGTAACGTAACTAAG.1",0.211035227656818,0.0000521776839634013
"AGGATCTGTCTGTAAC.1",0.996380991572634,0.0000457541672963611
"CCTGCATAGCTAAATG.1",0.964183291086951,0.00230867514173582
"GACGTTAGTTTACCTT.1",0.0000000000000000000000000000000000105869381168014,0.581660491130488
"CTCAGGGCAACCACGC.1",0.969071875518831,0.000000160404879340342
"CGTCCATCATTAAGCC.1",0.999970151090387,0.000179007147906677
"GTAAGTCCATGGATCT.1",0.00247500977064386,0.00400814194305547
"ACAAAGAGTGCCCACA.1",0.999993546159635,0.0000397669656242348
"TGCTCCATCTCCACTG.1",0.999993181771207,0.0000942486412513594
"ATCGTGACAGACCTGC.1",0.9246566031603,0.00246395637645726
"ATCACTTCAGCGAACA.1",0.241976325716064,0.0036295461485667
"TGAGGAGTCGCTAAAC.1",0.0000000000000000334225830480891,0.959987775490497
"TGGTACATCACCTCAC.1",0.0941478596821059,0.00000122767657540613
"GGGTGTCTCGTTGTGA.1",0.626720460455245,0.000000928723397033347
"CCACCATCATCGCCTT.1",0.985095983515108,0.000584951560983799
"CATGCAATCGAAGGAC.1",0.00690423508298579,0.216408237316439
"CGGCAGTCATGGCCAC.1",0.999998556309231,0.0000126624246994129
"TGACAGTAGGAGTCTG.1",0.929645866996946,0.00000137191724869703
"CCTCTCCAGAGTAACT.1",0.997138287126359,0.00120549183244634
"CTCAGTCGTGTTAGCT.1",0.99701248543305,0.0022518634231987
"AAGATAGCACTGAATC.1",0.864058470616472,0.00190038376866833
"TCAGGGCGTACTCCCT.1",0.983566901945163,0.000590480194666361
"GACCCTTTCATCGCAA.1",0.990000028942594,0.000516551286725779
"GTGCAGCTCTACTGCC.1",0.0000366660101015238,0.00768436690131329
"TTGGGCGTCCTTCAGC.1",0.35472603955018,0.00733599482366358
"TTGACCCTCGCCAGAC.1",0.000000000000000000000000000000000167398369038246,0.377645027200691
"GAAGCGAGTAAGCTCT.1",0.983858127586582,0.000660020055375528
"GAGGCAAAGCTAGCCC.1",0.935386181102211,0.000768097323109908
"TTCCGGTGTTACTCAG.1",0.560132680152748,0.0000252828288821898
"CTCAGTCAGCGCCTTG.1",0.0161555347169076,0.00355870506292231
"CATGCCTCAATTGTGC.1",0.0275908943563169,0.0000238267822819767
"CACGGGTGTTTGATCG.1",0.96176605272092,0.000473754775718058
"GAGGCCTAGGGATGTC.1",0.567328460130458,0.23923203970321
"CAACAACTCCCAGGCA.1",0.280099410167041,0.00104903269481516
"ATCCTATCAGGATTCT.1",0.00000000000000000000000000000000000000000000000000000117112125771603,0.999731490674154
"AGAGCAGTCTACTGAG.1",0.529004193235173,0.000128667333069209
"GTGCAGCTCGGTGTTA.1",0.874934880287187,0.00322922195485454
"TATTGGGAGCATACTC.1",0.993707443906177,0.00081437062047915
"CTCCCAACAATGACCT.1",0.000000000000000000000000000000000000000000501749391862657,0.404469122584378
"TATTTCGTCGACGACC.1",0.000000000000000000000000000000000000000000000000000000000000000000000412351021010026,0.998868461010287
"ATGAGTCCACGGTAGA.1",0.720876304708678,0.0000284822731566286
"CTTCCGAAGCTAGAAT.1",0.00000000000000000000422018230143483,0.576837307799858
"AGGATCTAGCTCTTCC.1",0.192536034082053,0.0000839003737423965
"AAGTACCGTTCCGGTG.1",0.0000000000000000000000000000000000000000000000000000000000000000000000000000000000000000000000983363369928273,0.995796305719785
"CCTCTAGGTATCTCGA.1",0.900073202256832,0.000916086774839956
"GTTGTAGGTCGGTACC.1",0.000000000000000000000000000000000000000000000000000000000000000000000000000000070753848652225,0.99956918921597
"ACTGCAATCAATCCGA.1",0.999474039483972,0.000187167078580446
"AACTTCTAGTGACACG.1",0.00000506074259201296,0.493013798118519
"TACATTCCATAATGAG.1",0.00000000000000000000000000000000000000000000000000000000000000000000000000000000000000000000000000000000000000330080380069154,0.983156929142173
"GTCGAATAGTCCTGTA.1",0.0608033504853564,0.000000292227649877356
"GGGACAAAGCTTCTAG.1",0.967423896994967,0.000486913875863037
"ACTTATCGTGTAAACA.1",0.0114290663358175,0.30423699034962
"TCACATTCACCTATCC.1",0.000000000000000000000000000000000000000000939943016969415,0.0087843906998541
"ACCATTTCAGCTGTGC.1",0.000000172984691250985,0.82040329372103
"GAGTCTACACGCTGTG.1",0.95223056355375,0.0000180183078248611
"ACGTAACTCGTCTAAG.1",0.9644089684499,0.000797590040902236
"CGTGTCTCATCAGCAT.1",0.0000000000000000000214749833595031,0.998403238789097
"AAGCATCTCTCCATAT.1",0.7693850560768,0.00001336757830479
"CTTGAGACAGGCTATT.1",0.999997933837955,0.00000521027779872363
"ACCCTTGCAAGAGTTA.1",0.00000823011553162026,0.0000138374505718982
"CTTTCGGGTCGTATTG.1",0.975546800816446,0.0000732002590307778
"GTCAGCGTCATTGTTC.1",0.92663194577886,0.00201814249335523
"TGGGAAGAGTTGTACC.1",0.00000347307409515436,0.0795453465939572
"GTACAACAGACAACAT.1",0.987889272177963,0.000233125389707502
"CGTGCTTCACGACCTG.1",0.00000000000000333507670535564,0.955218836162893
"CTCCGATTCCATACAG.1",0.00000000000000000000000000896698705013567,0.834928731058635
"CATTCTAAGGATACAT.1",0.729032912766392,0.000168230452273849
"TACCCGTGTCTCCCTA.1",0.00906597789292661,0.0000000768820481850238
"TTGTGGAAGGTACCTT.1",0.999998165296455,0.0000690440547175468
"GTTATGGTCGATTGAC.1",0.998217654987545,0.000388079683323119
"GTGCACGGTGAGCAGT.1",0.000000000000000000000000000000000000000000000000000000000000000000000000000000000000000010783101086508,0.992990064258431
"TCCCACATCCCGTTGT.1",0.991225705414414,0.00264881596376506
"ATCACGAAGAAATGGG.1",0.982418383408445,0.0000232663288184961
"CCTCAGTTCCCGAACG.1",0.933342026844148,0.000712425849877795
"TGTAAGCCAATTCGTG.1",0.978570969085215,0.000469986187589581
"TGAATGCTCGGCTGGT.1",0.999983510237562,0.0000887917159123736
"TCACAAGAGTCCCAAT.1",0.999992870126854,0.000224291944002498
"GTTGTAGCATCTCGTC.1",0.0194099509605874,0.560704716931228
"TTGTGGACAAGGACAC.1",0.0000157594691342683,0.00877311295644465
"AGTACCACAGGTTCAT.1",0.29512287089593,0.0382143960613794
"TTGTGTTTCCTTTGAT.1",0.000149911649484154,0.0390370660390389
"GCCCAGAGTTCGGTAT.1",0.186468950763733,0.000102020826325538
"GGTTCTCGTTTACCTT.1",0.988467769591143,0.000891204880707493
"GACAGCCGTAGTCACT.1",0.99478160114843,0.00203921701042843
"TTCTTGATCCGTGTCT.1",0.99049565638805,0.0000290716348492775
"TCTGGCTGTCTTGCTC.1",0.577977971059738,0.00141597534973475
"CACTGGGTCTGTCGCT.1",0.956054144322996,0.00440806917714242
"TTGTGGAAGAAGTCAT.1",0.0000920918048995467,0.00261797250402885
"GGATCTAGTAATGTGA.1",0.982277534893182,0.000558745110422601
"GACAGCCGTTAGGCCC.1",0.532654076829785,0.000009738005020611
"GTTTGGACAAATGAAC.1",0.625604117887241,0.0358242285168711
"CGGAACCTCCTATGGA.1",0.0000000000000000000000000000000000000349651823442764,0.792075230437126
"GACTGATAGCTCATAC.1",0.969135414742466,0.00583195586981446
"ATGCGATCACTGCGTG.1",0.999536628856522,0.000295041199640648
"CCTCTCCCAGGAGGTT.1",0.0189356739453997,0.0000944406250156544
"GTAGCTACACCAGCCA.1",0.973819293580903,0.000436523194376228
"ATATCCTGTGTTTGCA.1",0.998344225350106,0.000230397699403894
"TTGCCTGCATGACCCG.1",0.24075469580945,0.00154778216880196
"GATCCCTGTATGCGTT.1",0.926974258219444,0.00166492385575464
"GTGCTGGAGAGAATCT.1",0.992762665654737,0.00059528969078945
"CCGTGAGTCAGTGATC.1",0.00000000000000000000000000000000000000000000279071970227852,0.998865230775967
"GCAGCCAGTGCTCTCT.1",0.00000000000000000000000000000000000000000625614567605862,0.999570646479355
"ACTATGGGTCGTGGAA.1",0.999676627916064,0.000535940600263084
"TCGCAGGGTGCCGTTG.1",0.963996698656716,0.0123703346271278
"CGTAAGTAGCTCTATG.1",0.00255648957289678,0.000175401265007015
"GTCCACTTCTACACAG.1",0.00000000000000000000000000000000000000000000000141043039715949,0.928609134207034
"CTAACCCGTTATTCTC.1",0.000000000000000000000000000000935968072985858,0.970323935199391
"GAGCTGCCATCCAACA.1",0.998988159438717,0.00167223325062942
"GGGCCATCATGACTTG.1",0.00000000000000000000000000000000000000000000000000883788240055698,0.757492352253783
"GCTTTCGAGTAGATCA.1",0.744101050312822,0.00121607688038151
"TTCATTGTCCCAGGAC.1",0.999646644874892,0.000617102832139267
"CCTCATGAGAAACTCA.1",0.502533110229794,0.000430415560954497
"ATTCCATTCCTCCACA.1",0.999976094786163,0.000229696880599327
"GAAGCGAGTAGACAAT.1",0.00000000000000000000000000000000000000000000000000000000000000000000000124352441976952,0.861314784904449
"CTGCGAGCAAGCCCAC.1",0.000000000000000000000000000000000000298839124189075,0.99652797416589
"TTGTTTGGTATCGCTA.1",0.0000000147358760744029,0.0643439207158922
"GTAGGAGGTCACTAGT.1",0.128342538095757,0.000456583684696128
"TTTCATGAGACATAGT.1",0.90151334186106,0.000170433665205773
"TCACGGGTCCCGAAAT.1",0.999994650327789,0.000081090112720087
"TACCGGGGTCGTCATA.1",0.00517972586802199,0.258073847517732
"TCTACATTCTGCTTTA.1",0.00000000000000000000000000000000000000000000000000000000000000000000077473876377727,0.998399093097763
"CTCAATTTCGTGCGAC.1",0.999995006074497,0.000298128919600771
"CACAGGCAGGCAGGGA.1",0.000232152220478157,0.0000123006769157121
"GCAGTTAGTGTCTTAG.1",0.00181032601921819,0.418402165608787
"GTAAGTCGTCCTGTCT.1",0.00000181223502244051,0.0755124145200995
"AACCATGGTTATCTGG.1",0.99995715360042,0.000545718371560924
"GCTTCACGTGATAGAT.1",0.988264295362705,0.00140510705306491
"AGCGCCATCTGTGCGG.1",0.0363394919400354,0.00251998442672801
"TCTGGCTAGCCTGACC.1",0.00143366140037462,0.0002062505395758
"ATTTCACTCATGCCAA.1",0.00317292397453739,0.000254602588178349
"TACCGGGGTCAAGGCA.1",0.985895942466322,0.0131923020688401
"CCGATCTCACCGCTGA.1",0.0000000036618544629339,0.898084986842101
"AAGTTCGTCCTTGACC.1",0.994764805526055,0.00181611656871088
"TGCACGGGTGAGACGT.1",0.228309148036822,0.0223817777740673
"GTCGAATCATACTTTC.1",0.99726368684627,0.00243390375955203
"TCATGTTTCTACGGTA.1",0.000112118363565223,0.00188096256923715
"AACAACCGTCCCGTGA.1",0.552459077914086,0.0000366908136355366
"AATAGAGCACAGTCAT.1",0.0998098770368228,0.00258695719307798
"ATGGGAGTCTCGTTTA.1",0.775715032050088,0.0332384492583061
"AATGAAGTCGCCAACG.1",0.972821106401838,0.000567750592800196
"CAATACGAGGTTCTTG.1",0.999200037213557,0.000436562297353942
"TGTGAGTTCACCCTGT.1",0.997061552928711,0.000481523207556543
"GTGTTCCGTTCGGACC.1",0.98931541318748,0.00646709914582401
"CCTCACATCCGAGGCT.1",0.99970260810186,0.000490717207127712
"GGTGTCGCACACGGTC.1",0.730631578919249,0.0540784269874443
"TAAGTCGCACCGGAAA.1",0.960941424835201,0.000308687166596801
"AAGCGTTTCTGCCTGT.1",0.999967314934103,0.000287044069774257
"GGCGTCACATTGACTG.1",0.0208260445615312,0.0000260573138925615
"ATTTACCTCCGCACGA.1",0.00000406585475191179,0.0440307149369544
"CATCAAGTCGGAGCAA.1",0.99999175492662,0.000100835419184458
"TCTCAGCCAGCACAAG.1",0.751704671670646,0.000000307064734274138
"ATCCTATTCCGATCGG.1",0.0000000000000000000000000000000000000000152045963090106,0.8203178416288
"CTTTCAATCCAAATGC.1",0.000000000000000000000000000000000000000000000272641464324941,0.932139394155975
"GGATCTAAGGATACGC.1",0.900273637343902,0.000532290475908065
"GACGTTATCATGCAGT.1",0.999982487348489,0.000296372574353796
"CACGTTCCACTTGAAC.1",0.964024197510901,0.000333046708315038
"GGGTTTACAGCATCTA.1",0.939500835549455,0.0000340010452454977
"TTACTGTCACTCCGGA.1",0.968682334244315,0.000469022162102844
"ACGATCACACGACGAA.1",0.887706545089691,0.000854197339728705
"GTGTAACGTATCACCA.1",0.996676843907963,0.000340442396211967
"GTAGCTATCGGCATAT.1",0.998856014967883,0.000689647334004457
"GGCAGTCAGCGATGAC.1",0.99997841345903,0.000108810623434661
"ATTCTACGTACGAGCA.1",0.999754194422204,0.000520850250900035
"AAACGAAAGAATCGTA.1",0.6670923442122,0.146910949022441
"AGTGCCGGTCTTGAAC.1",0.988553674194836,0.000440615296235025
"GTTTACTGTGCCGTAC.1",0.000000000000000000000000000563828052248006,0.996974222147437
"ACGTAACCAGTTAGAA.1",0.997121926518105,0.0047990011118489
"CATCAAGAGCTCTATG.1",0.999995440648143,0.0000356384024426462
"GCGGAAAGTCCATAGT.1",0.896108908962908,0.0000577978894231795
"CAATGACGTTCTCCTG.1",0.0000000000000000000000000000000000000000000000000000000000000000000555026129822059,0.999739821678306
"CGGCAGTTCCAATGCA.1",0.00000000000000000000000000000000000000000000000000000157128531588341,0.648957000987437
"CCGGTGAGTTTCGCTC.1",0.000000000198489365568853,0.186670598122462
"GCCAGTGAGGAACGAA.1",0.994428001825054,0.000482558681789696
"CTAACTTCACTTGAGT.1",0.00000000000000000000000000000000000000000000000000000000000000000000000000000000725559755343473,0.997506671354057
"TAAGTCGGTCCGCAGT.1",0.00000000135400141085722,0.74349431537311
"CCACGAGTCGCCAGTG.1",0.999837417339406,0.000733135967619002
"CCCATTGAGTTACGTC.1",0.895760485903946,0.00186286894703035
"GACGCTGAGTGCACCC.1",0.604392459932127,0.00154868961131963
"CTCCCAAGTCGTCGGT.1",0.000000776989475631108,0.0000106571708046389
"CCGTAGGAGTGTTGTC.1",0.11169282305665,0.0000103257241525009
"ACATTTCAGTTTCGAC.1",0.979442611424194,0.000405079507405363
"AGAACAAAGAGAACCC.1",0.990867754855576,0.00473126250321347
"GTACAACCAGGGTTGA.1",0.971872005158381,0.000474630445069915
"AATCACGTCTGCGGAC.1",0.999008337435004,0.000470817376086008
"AAGACTCGTCGAACAG.1",0.999973377480328,0.000247922478965007
"TAGACTGGTCATATGC.1",0.985743915608898,0.000791622146995483
"GAGACCCAGTTGCGCC.1",0.961721685756492,0.00167742370637943
"CATAGACTCCAAGCCG.1",0.99999532500381,0.0001555609165679
"TGTACAGAGATGTAGT.1",0.999974426914907,0.0000963351367125626
"CAGCGTGCAAGTGGGT.1",0.997778783906904,0.00130152793513449
"TGGTTAGTCCTCTCGA.1",0.999966706443965,0.0000000273579421734758
"AGTCACATCGACATCA.1",0.00000000588883607763785,0.150725035070744
"CCCGAAGGTGCAGTGA.1",0.000000000000000000000000000000000000000000000000000000000000000000000000252071372330898,0.998868894527191
"TGATCTTCATGGGAAC.1",0.00000303711538641036,0.00913517386093184
"GTGAGCCAGGGCAATC.1",0.330812407407795,0.42906686953362
"TTGGGATGTGGATCGA.1",0.967634423023793,0.00108068521402686
"GGGACAAAGAAGCGCT.1",0.821696671438763,0.0112276060802625
"TTCCTAATCGGTCTAA.1",0.0000000000000000000000444660469964884,0.603095424715072
"CCAATTTGTTACCGTA.1",0.000000000000471102791477457,0.00575856165285763
"TAGTGCATCGCAGTCG.1",0.00000000000863724646896208,0.111365774007365
"TGCAGGCTCATCTACT.1",0.0532855729638518,0.000758002634310226
"CGGTCAGCAAGCTACT.1",0.999992899413756,0.0000029068777439186
"GCTTGGGAGGCTGTAG.1",0.251023313485731,0.183783829450198
"GTCCCATAGAAACCAT.1",0.902268243493712,0.000460363650811725
"CTGTAGAGTGCTTCAA.1",0.961809412822356,0.00551634843205035
"GTTGAACAGAGTGACC.1",0.00000000000000000000000000676168545853321,0.267806020119554
"ATTACCTAGGTAGTCG.1",0.985298314135039,0.000139775004732022
"TGCACGGAGCGATCGA.1",0.964368975144322,0.000488868456288021
"TCCCAGTCAACCAATC.1",0.0000538382182001122,0.482335002037194
"TGTCCCAGTTACACAC.1",0.960927777305832,0.00000968637346006671
"GCGATCGCACTATGTG.1",0.0000000000000000000000000197660065582821,0.673422795193516
"TCTGGCTAGCATTGTC.1",0.918499511975765,0.0168223248854495
"CTCTGGTGTGGCCTCA.1",0.00000265355126947153,0.143283597152153
"GGCTGTGGTGAGAACC.1",0.92927470668286,0.000318841344224335
"GCCAGCACACTTCATT.1",0.0396067182218703,0.0308198117619904
"TGCGACGGTACTGCCG.1",0.000000000000000000000000000000000000000000000000000000000000653595794390253,0.999822273523336
"ATGAAAGAGGCCTTGC.1",0.99754674832564,0.000485564340686039
"TGCATGAAGGTCGTCC.1",0.990386734733041,0.00284636051136126
"TCATTCAGTAGGCTCC.1",0.9900762577976,0.0000194371270450294
"GCACATAGTCGAGTGA.1",0.221687287759174,0.0000299380304166287
"AATCACGGTGTGTGTT.1",0.999665203142372,0.00102142132348915
"TCCTCCCGTACAGTTC.1",0.000000000000000000000000000000000000000000000000000000000000000000000000000000000000259773486837491,0.990437863129634
"AGCGCTGAGTTCTACG.1",0.976129394328988,0.00000674926842327067
"ACGATGTTCCCATAAG.1",0.997819111373852,0.000409435152757041
"ATTCACTTCCCATAAG.1",0.893087743748157,0.00193859438093461
"CAGCAGCAGCGTGTCC.1",0.884509648072569,0.00101446644013309
"CGCGTGAAGTCAACAA.1",0.893822308197888,0.00216925550088887
"ATTACCTCACGGATCC.1",0.998285297843709,0.000737381970694919
"AGGTTGTCACCCTCTA.1",0.999998400851902,0.0000232516791395316
"CCGGACAAGAGATCGC.1",0.00195160856124109,0.00128598659532973
"TGAGTCATCTATGCCC.1",0.00697052901789047,0.0110967466636958
"CCACAAACATTGCCGG.1",0.00000000000000000000000000000000000000000000000000000000000000298231597590654,0.0215131805581683
"AGCTACAGTTTCGTGA.1",0.547125008956589,0.000167347287909872
"TGTAGACTCCTTACCG.1",0.999691392948997,0.00129086614141815
"GTGAGCCGTGTTAAAG.1",0.999177726056162,0.000285822958093893
"ACGGTTAGTCGATTCA.1",0.867611192233585,0.00000267361777912487
"ACGGTCGCAACCAATC.1",0.992472918968636,0.00297019899934
"ATGAAAGTCATGGTAC.1",0.00172511230833688,0.0135137822151744
"GTTACGACACAGACGA.1",0.99997797982921,0.000490017082492911
"GTAGATCTCGAGAAAT.1",0.0000000000000000000000000000000000000000000000000000000000000000000000474240058869574,0.984964081410376
"GTTCCGTAGCCATGCC.1",0.98108814582854,0.00249734234469876
"GCTGCAGAGCAGGCAT.1",0.968521274577982,0.0152949757607375
"GTGAGTTCAGTTAAAG.1",0.823895246116027,0.0044687388360207
"TGTAACGTCGCATGAT.1",0.712234760933577,0.172877294394774
"CATCGGGTCGCGTTTC.1",0.96704424564047,0.000304460064460633
"GACTCAAAGTCCTGCG.1",0.0350273853945928,0.643889456257491
"ATATCCTAGGTCGCCT.1",0.987077642218811,0.00122556356105359
"TACTTGTAGTAGTCCT.1",0.951378585956474,0.00370697983469991
"CGCAGGTCATAAGCAA.1",0.999861058471884,0.000237880736329887
"GTGGAGAGTCGAGCTC.1",0.0151245261970261,0.00023338167529531
"TCGCAGGCACTTGGCG.1",0.926326876323545,0.000940999250836904
"CACAACATCGTGTGGC.1",0.0196495364645091,0.000178078495371625
"TGCAGTATCCCTTTGG.1",0.0000000000000000000987972743269282,0.659480063566697
"TGTGGCGCACTCCGGA.1",0.887823409688571,0.00129866142976944
"TCTTAGTCAGTAGGAC.1",0.00000015339940536693,0.123706304557631
"GTAGATCTCCTATGGA.1",0.905046214677357,0.000529195133896823
"ACAGCCGAGAGTGAAG.1",0.803972890859014,0.00126862908961368
"GGGTATTAGGGCGAAG.1",0.102873119380009,0.00000304178094237567
"ACAACCATCAGACAAA.1",0.222507248607219,0.0179040391821077
"AGTTCCCAGGTCCAGA.1",0.0000000000000000000000000000000000000000000000000000000000000000000000000000000000000000000000000000000000000000000000000000000000000000000000000000000000000000000000000000000000000000000000000000000000000000000000000000000000000000000000000000000000000000456001762949035,0.206624026714634
"CAACGGCGTGGGTATG.1",0.997076110049201,0.00141631763832785
"ATCGGCGAGAAGCGAA.1",0.99659513435138,0.0042737445158584
"CCACACTAGCCTTTGA.1",0.29397620216977,0.00314186618164796
"CGAGGCTAGGAGTCTG.1",0.956331012344877,0.000437472257790684
"AGATAGACAGTTGTTG.1",0.242892628836382,0.00102836154181322
"GGGTCTGCACAAGTGG.1",0.99986034290328,0.000469547406592095
"TTACCGCTCATCTATC.1",0.0000000000000000000000000000000000000000000000000000000000000000000000000000000000217188347201482,0.990578237912948
"AGCGTCGAGGAAAGTG.1",0.0000000000000000000553784426101426,0.701811350799316
"CTGCATCAGCATGGGT.1",0.461645086986152,0.000000126186162366574
"TGTTCCGCAGTAGATA.1",0.999957029272266,0.000144450022433662
"TTCCAATTCTAACGCA.1",0.997390347329545,0.000392971777374588
"GGTAGAGAGAGCATCG.1",0.95351614931127,0.000974991829795063
"AGGTGTTCACCGAATT.1",0.995509287677515,0.00122249953916093
"GATTGGTAGTCGTCTA.1",0.978380276307337,0.00472212803486732
"TCATTGTGTCTTGAGT.1",0.992414211297432,0.000461583144417905
"GAGTTTGCATCTCATT.1",0.0637089702073562,0.00754365440176949
"AGAAATGCACGTAGTT.1",0.905840686333617,0.000325147342694743
"TAGATCGGTGTGGACA.1",0.22388900985745,0.0274624814634494
"TGGGTTAGTCGCCTAG.1",0.983459029663309,0.00591138448865193
"AGATCGTGTCGTTCAA.1",0.999836843050868,0.0000491763591621278
"TTTGACTGTCACGTGC.1",0.00000000000000000000000000000388496414485292,0.0669993328074161
"TCGATTTGTCATCTAG.1",0.998225104919879,0.000203680096200938
"GCGGAAAGTTATCTTC.1",0.99441980859713,0.000210679585266611
"TTGATGGGTGGCTCTG.1",0.913871907789717,0.000450100802348974
"AGCGTATGTGCCGGTT.1",0.00000799163194942349,0.00904482426761842
"AGCGCCAAGTCTTCGA.1",0.0135197131945532,0.000930228109567461
"CTGCATCTCTTACCAT.1",0.927038810498997,0.000683252655410208
"CAGTTCCTCGTTCTCG.1",0.141355238121248,0.0000010552463232783
"TGAGTCACAGACCTAT.1",0.113035120956091,0.000383319856740871
"AAGACAACAGTATACC.1",0.96990669456899,0.00466917648890182
"ACTGCAAGTGGTACAG.1",0.998490029909936,0.00032216432320692
"GTTGTGACAGGTTCAT.1",0.0030942819656334,0.0000662369777789683
"GGGTTATCAGTCTGGC.1",0.977086346285843,0.000000638904657797469
"ACGATCATCCTCCACA.1",0.00000106769685439657,0.0330153246487184
"AATGGAACAGGCAATG.1",0.999946226184774,0.000458133373400325
"CCTAAGAAGAACGCGT.1",0.95259495087901,0.000356768262360466
"ATCAGGTAGACCACGA.1",0.997529631694509,0.0000765219972564236
"CACTAAGAGCTGTTCA.1",0.108532036104034,0.0177477706922797
"ACCCTTGAGACGCTCC.1",0.655407895767241,0.000752905910152093
"CTGCCTATCACTACTT.1",0.997966818917669,0.00116432435904037
"CCTCTAGCAAAGCAAT.1",0.999998097576872,0.000103237522035808
"CGTGATAAGCATCGAG.1",0.724228286553514,0.00022545288494156
"GTTCGCTTCTAGTCAG.1",0.999488426278477,0.000482470540653006
"AATAGAGCACTGAGGA.1",0.998598654162536,0.000389750810982213
"AATGAAGTCCCAAGTA.1",0.96670700375585,0.000601143082601475
"ATACTTCCAAGCTGCC.1",0.0534662845927079,0.00528970650727016
"CGAGTTACATAGGTTC.1",0.999958135589276,0.00000113739774550272
"TGATTCTAGCATGTTC.1",0.00575326479421545,0.193095430633061
"TAGATCGTCGAACACT.1",0.999997493135335,0.0000709168846614548
"GTTAGACTCGAGTCTA.1",0.999999027352759,0.0000533918924418708
"TCCGATCAGGCCCAAA.1",0.0545536514350316,0.876108534310792
"TCCTCCCGTCGTATGT.1",0.945315537398046,0.00109231767507293
"ACGGTCGGTCCGGATC.1",0.998188930973087,0.000443830147729388
"TCTCCGAAGAGGCCAT.1",0.354795558890999,0.000533328896479602
"TGAACGTCAGGTTCGC.1",0.0000992791809119021,0.0264102192954286
"CTACAGATCATCTGTT.1",0.00000287747109340736,0.13225673568002
"CAACAGTCAGACAAAT.1",0.853324956234454,0.000846323851296322
"CTCATCGGTTCATCTT.1",0.564927272097599,0.000000160760720771527
"AGGTGTTTCGATTGAC.1",0.964169390979643,0.00010444264601197
"GAGTGAGCACCAGCCA.1",0.999994388188416,0.000032901220673747
"CGAATTGCAAGAATGT.1",0.999363646678693,0.000350852384861763
"ATTATCCTCGTGTCAA.1",0.870344190192844,0.00079519827171832
"AATGGCTCACCAAATC.1",0.999176803040007,0.000552567430794341
"CTCAAGATCAGAGTTC.1",0.00000000000000000000000000000000000000000688392308707118,0.99403231813814
"GACGCTGTCTTGCAGA.1",0.98635185664646,0.00107297900378025
"ATCATTCGTGACAGCA.1",0.93156195754815,0.000326912791176453
"GTCATGAAGAAATCCA.1",0.407009308129118,0.000431746660845117
"TTTGATCGTAAGACCG.1",0.000000000000000000000000000000000000000131247926516278,0.862126689766192
"TTAGGCAAGACCATAA.1",0.189126619862175,0.00290275549196099
"TACCCGTTCACCTTAT.1",0.984862201185775,0.00800081191608828
"AAATGGAGTGTCATCA.1",0.0000000000841307064286846,0.725632209005841
"TCAGGGCGTAAGACCG.1",0.00000278361444731539,0.00120250556379422
"TGGGATTCAGGTCCCA.1",0.955521998231032,0.00092139256746598
"GCAGCCACATCGATCA.1",0.974767396902537,0.000256296232894546
"CTCAACCTCCGACGGT.1",0.00000000000000000000000000000000000113425841427549,0.91569007222389
"GATTGGTTCATGGGAG.1",0.00379354806283471,0.821100248926814
"GCTTTCGGTTGCAAGG.1",0.999331228644714,0.000295141249652104
"TGCGACGTCATCTATC.1",0.999730228383529,0.000747129052271594
"TTACAGGCACTTCAAG.1",0.975035981774351,0.00735530141320874
"CTATCTAAGACTTCAC.1",0.00000000000000000000000000000000000000000000355627357661209,0.74487229034339
"CATGCTCTCTACAGGT.1",0.00000122259283651349,0.00129822299079805
"TGAGCATAGCCTTTCC.1",0.00202676270772761,0.030258048421303
"GCCATTCTCGAGGCAA.1",0.221910076093991,0.00689971541118134
"GTCTCACGTATGCAAA.1",0.0000000000000000000000000000000000000000000000000000000000000000000000000000345021492414202,0.998720140549144
"CTCCTTTGTCTACTGA.1",0.000374660264007433,0.0103527128158689
"CTGATCCGTCTGTTAG.1",0.00559004413024863,0.00206807939754833
"GACATCACATCCGGTG.1",0.0000000000000314739822717782,0.0512930385750391
"AATGACCGTATCCTTT.1",0.92808193560418,0.000565427831293955
"TAACTTCTCGGTGCAC.1",0.00000000000000000000000000000000000978928444518945,0.991784474663488
"TGGGAGAGTTGTAGCT.1",0.000000000000000000000000000000000000000000000000000000000000000000000000000000000000000000000000645422789439467,0.978036265162989
"AGGGAGTTCGACGATT.1",0.999571769264462,0.00035577794881121
"TAGAGTCGTCTTCGAA.1",0.0931884157666165,0.00187194665646605
"GACTCTCTCGCCCAGA.1",0.12958944857345,0.0162002708057228
