"CellName","Belonging_Cluster","xChoord","yChoord","extraScore","intraScore","neighbor","silhouetteValue"
"AAACATACAATGCC.1_B","1","-27.2096351662343","22.1892799149767","32.9722464899295","5.16205515534961","3","0.843442418855924"
"AAACATACACGCAT.1_B","1","-24.8180000483972","21.2607432028255","30.8890621948446","4.22437061971912","3","0.863240567386854"
"AAACATACGAATAG.1_B","1","-24.0639471314229","20.6211935290093","30.3490764158502","4.04032868734543","3","0.866871445048808"
"AAACATACGGTGTT.1_B","1","-22.8593636368767","13.6100271351097","32.0785656361131","5.48772877847954","3","0.828928486369053"
"AAACATACGTGTCA.1_B","1","-24.5335178063741","18.058591349004","31.6446536914502","3.19591755674998","3","0.89900608210437"
"AAACATACTCTTAC.1_B","1","-27.0328727669617","19.7845761520409","33.4295167901454","3.72933983909572","3","0.88844170669571"
"AAACATTGCTGATG.1_B","1","-24.0014992252666","15.4052548242803","32.2352950672916","3.92472197660625","3","0.878247679494996"
"AAACATTGGCCCTT.1_B","1","-27.8996806557525","20.4240031675215","34.0790277325749","4.38264024071231","3","0.871397732496837"
"AAACATTGGTGCAT.1_B","1","-26.6758970331638","19.179164261181","33.274717427249","3.43244469721826","3","0.896845263833634"
"AAACATTGTTTGGG.1_B","1","-29.2534329522706","16.8468467216978","36.4809131182205","4.82501413515495","3","0.867738668724685"
"AAACCGTGACGGTT.1_B","1","-21.8849097817931","18.5282702061182","29.0162423863712","4.58344840558733","3","0.8420385264034"
"AAACCGTGCTCCAC.1_B","1","-28.1725736247616","16.1134123971291","35.7437916451588","4.29418841165691","3","0.879861978430077"
"AAACCGTGCTCGCT.1_B","1","-24.4452413839949","13.8627757403165","33.3376164824808","4.79600075543077","3","0.856138462749696"
"AAACCGTGGGGACA.1_B","1","-24.1263130413945","14.6921531592582","32.668396453618","4.27764286117642","3","0.86905868283894"
"AAACCGTGTGCATG.1_B","1","-26.8886702871491","20.3456545665576","33.1298422900691","3.90596123163579","3","0.882101423923572"
"AAACGCACATCACG.1_B","1","-27.3781473528519","14.6590712244036","35.5997629947572","4.63848681770002","3","0.869704559033634"
"AAACGCACCCAGTA.1_B","1","-25.4155350657166","22.4909486126309","31.1585993454873","5.08031989476078","3","0.83695287973538"
"AAACGCACGCCCTT.1_B","1","-24.4413082555941","21.6238989905663","30.429340781657","4.53889848293258","3","0.850838093552501"
"AAACGCACGTACCA.1_B","1","-27.1680782783309","22.3902791645473","32.8868955620403","5.30240869774427","3","0.83876834200597"
"AAACGCACGTGTAC.1_B","1","-26.6001627909207","20.7695035116482","32.7357636280688","4.03245998834128","3","0.876817903680007"
"AAACGCACTCACCC.1_B","1","-22.8144854506413","13.9357537925221","31.8774046119854","5.27006279347293","3","0.834677168432606"
"AAACGCACTTCACT.1_B","1","-27.9269667165474","17.0356891998848","35.1749602556834","3.89811625327385","3","0.889179227924102"
"AAACGCACTTCCAT.1_B","1","-26.6250066597884","15.0858040851554","34.7375157733421","4.10875696682657","3","0.881719896332378"
"AAACGCTGATCTTC.1_B","1","-23.9041544176611","18.0166797405445","31.0764034055984","3.38161650490039","3","0.891183787880318"
"AAACGCTGCCCTCA.1_B","1","-25.0427034786548","22.8855663227792","30.7070724467289","5.43695038380007","3","0.82294142845326"
"AAACGCTGCCTACC.1_B","1","-22.2316628791552","16.2226936661284","30.2882345131578","4.50866718603892","3","0.851141300953667"
"AAACGCTGCTGTAG.1_B","1","-24.9212558470928","16.9773232183846","32.41346627852","3.2149052742871","3","0.900815752111721"
"AAACGCTGCTTCTA.1_B","1","-28.5394025447684","16.1127003893825","36.0834335628852","4.52594637989371","3","0.874569963747878"
"AAACGCTGGCCTTC.1_B","1","-27.9269570852768","20.5996274649655","34.0581446339635","4.48073327798208","3","0.868438714846674"
"AAACGGCTAGCCTA.1_B","1","-25.0270802116107","18.2422555446424","32.0378174717183","3.12675348124811","3","0.902404291927555"
"AAACGGCTGCATAC.1_B","1","-26.2918030273297","16.641097869528","33.8057174559038","3.36361639374721","3","0.900501552788083"
"AAACGGCTGTTACG.1_B","1","-28.8193524205059","19.2444814627527","35.2942410607276","4.55243535620069","3","0.871014782599582"
"AAACGGCTTGTCAG.1_B","1","-26.0553224532033","16.9163400804735","33.4819696796008","3.25504054024083","3","0.90278228636519"
"AAACTTGAACGCTA.1_B","1","-25.8121526544808","18.9797102429043","32.5219147881944","3.22254930917443","3","0.900911452165042"
"AAACTTGAACGTAC.1_B","1","-26.6559462004786","17.8004779419185","33.7160521813762","3.28315231801999","3","0.902623465512563"
"AAACTTGATCCTTA.1_B","1","-27.7652808482721","15.1459803561805","35.7499838503627","4.52141807550224","3","0.873526709986014"
"AAACTTGATCTTAC.1_B","1","-22.2738763347223","14.4175382909118","31.1701381907601","5.25837301319861","3","0.831300939988859"
"AAACTTGATGCCCT.1_B","1","-28.5314527292078","19.0003179635091","35.0929289324345","4.29882075923852","3","0.87750179623037"
"AAACTTGATTTACC.1_B","1","-29.2677427830703","17.4875969398558","36.2740580520052","4.74153132229811","3","0.869285887024267"
"AAACTTGATTTGGG.1_B","1","-22.3746278683228","15.2834284572079","30.8437496301118","4.74759737126436","3","0.84607586858929"
"AAAGACGAACAGTC.1_B","1","-25.8120136478553","13.7551435178152","34.5947813783974","4.86952175187752","3","0.859241146847707"
"AAAGACGACAATCG.1_B","1","-25.9989947646101","21.2048375572756","32.0406653571595","4.16933509654822","3","0.869873641821343"
"AAAGACGACAGAGG.1_B","1","-28.3201772605148","17.4107883314173","35.4102347156607","4.07567869254714","3","0.884901110504511"
"AAAGACGACCAATG.1_B","1","-24.4044475351037","14.5795777572903","32.9669315873881","4.2915194864849","3","0.869823508593482"
"AAAGACGACCTTAT.1_B","1","-23.2991647872851","16.1966282354005","31.2581685541507","3.88979500402543","3","0.875559087945704"
"AAAGACGAGTGCTA.1_B","1","-22.8763938595442","14.5112690625127","31.6509324018578","4.8604525021903","3","0.846435724531609"
"AAAGACGATAAGGA.1_B","1","-25.4375212656587","15.393007194692","33.5325974031621","3.75206034496964","3","0.888107076828596"
"AAAGACGATGTCGA.1_B","1","-27.4999352771994","17.5292587324142","34.6008078325411","3.61706973287302","3","0.895462853053065"
"AAAGACGATTGCTT.1_B","1","-28.656415805979","17.873783294312","35.5693617123057","4.2710997520781","3","0.87992194556023"
"AAAGAGACAAACGA.1_B","1","-23.7866894300612","13.9484166889591","32.7188823790883","4.87304565131401","3","0.851063199688369"
"AAAGAGACCAGTCA.1_B","1","-27.3152437863612","15.2384557108594","35.3017148482414","4.26145816095113","3","0.879284669901428"
"AAAGAGACCGTCTC.1_B","1","-27.9268375966788","19.7505689358482","34.2935981498766","4.13193914595398","3","0.879512813794115"
"AAAGAGACGAACTC.1_B","1","-25.268040685568","20.1831282505826","31.6277498858602","3.59652497191701","3","0.886285777998867"
"AAAGAGACTGAAGA.1_B","1","-22.8909790452383","15.6522549618578","31.1325643388688","4.28729749790195","3","0.86228897012029"
"AAAGATCTACCAAC.1_B","1","-23.3976878705397","19.0536895030921","30.2283235887702","3.72880433808392","3","0.876645347958722"
"AAAGATCTAGGAGC.1_B","1","-26.3455779618379","14.4229765819699","34.7703108159834","4.46255001094336","3","0.871656309471585"
"AAAGATCTCCGAAT.1_B","1","-26.1830575388309","22.9716874968948","31.8009600497146","5.5447844272681","3","0.825640973775637"
"AAAGATCTGGTCTA.1_B","1","-24.6074551726494","19.6809370430098","31.1560430334695","3.48545921675769","3","0.88812895100275"
"AAAGATCTGTGCAT.1_B","1","-23.208354812277","18.8848580609422","30.1113848186153","3.78891067356416","3","0.874170162003914"
"AAAGATCTTCGTAG.1_B","1","-24.4191614630175","19.7937218084417","30.9417728838577","3.56860646847781","3","0.884667033079428"
"AAAGATCTTCTTAC.1_B","1","-27.4988969896684","18.7313112239181","34.1965861242344","3.66100465225788","3","0.892942393753644"
"AAAGATCTTGATGC.1_B","1","-25.0691688436707","17.3798093420015","32.3945180256259","3.14195362844166","3","0.903009712138449"
"AAAGCAGAACCAAC.1_B","1","-27.7436687822174","16.5272626657133","35.1909234411854","3.92086713777092","3","0.888582999411088"
"AAAGCAGAGTACGT.1_B","1","-25.6878211858548","22.5773103402942","31.4038219273659","5.15705696378053","3","0.835782505208814"
"AAAGCAGATATCGG.1_B","1","-23.584382739163","15.4948097856879","31.8222509690884","4.02626015722591","3","0.873476575835664"
"AAAGCAGATTATCC.1_B","1","-24.4379459285813","16.7171810994479","32.0741040886778","3.35292188072858","3","0.89546327244376"
"AAAGCCTGAGGGTG.1_B","1","-26.7098746555939","16.1010378462086","34.4010691837415","3.6452171263968","3","0.89403767926726"
"AAAGCCTGATGACC.1_B","1","-24.9486584570731","15.225014642938","33.1643988727866","3.84675275481418","3","0.884009573953995"
"AAAGCCTGCCTTCG.1_B","1","-28.9533293621481","18.1686896501551","35.7534282781925","4.49031578239131","3","0.87440880501157"
"AAAGCCTGGAACCT.1_B","1","-23.740958832452","20.045636382264","30.2193845747889","3.88965581218483","3","0.871286067968775"
"AAAGCCTGGTCACA.1_B","1","-22.243168894217","17.8981175202848","29.5920853077119","4.28082364623081","3","0.855338898840116"
"AAAGCCTGTAACCG.1_B","1","-23.7731933541355","13.6228474475265","32.8651264016813","5.12930518445125","3","0.843928633599022"
"AAAGCCTGTTCATC.1_B","1","-23.3317051660164","20.0434134144871","29.8328583568612","4.07110867749073","3","0.863536083978543"
"AAAGGCCTCATTCT.1_B","1","-25.662280652954","19.8905945007583","32.0915300450332","3.47715913969828","3","0.891648695627199"
"AAAGGCCTCCTGTC.1_B","1","-25.1304792043737","16.4835269885079","32.8014261149663","3.31612372010237","3","0.898903062675396"
"AAAGGCCTCGAGTT.1_B","1","-22.447866658017","14.6514262852796","31.208241467256","5.01633260508333","3","0.839262567538561"
"AAAGGCCTGGCATT.1_B","1","-23.4809516684519","17.6042868860834","30.8440388637549","3.55966388044835","3","0.884591512279822"
"AAAGGCCTGGTTCA.1_B","1","-25.9827039024907","14.7795165804427","34.2883904897909","4.15585784584647","3","0.878796940116398"
"AAAGGCCTTATTCC.1_B","1","-27.8117353420256","21.4684363710161","33.7259159393452","4.91857692368133","3","0.854160315985866"
"AAAGGCCTTTCCAT.1_B","1","-27.1253084356087","18.1619390801663","34.0314167243958","3.44319845084028","3","0.898822947080778"
"AAAGTTTGATGGTC.1_B","1","-25.5804695235285","21.5854876444335","31.5381124559402","4.39095655988279","3","0.860773007071457"
"AAAGTTTGCTTCCG.1_B","1","-23.283291790888","17.0739171482058","30.8752137422366","3.70220984111796","3","0.880091199626144"
"AAAGTTTGTCCTAT.1_B","1","-26.7257863803147","21.3440371261591","32.7059265611671","4.40986050365625","3","0.865166317932963"
"AAAGTTTGTGCAGT.1_B","1","-23.2007366976148","14.8330788788668","31.783765009882","4.51849365664176","3","0.85783642512972"
"AAATACTGCCATGA.1_B","1","-24.5164285868858","15.2740798310565","32.7547506591914","3.87106341563635","3","0.881816733825447"
"AAATACTGGTACAC.1_B","1","-27.2660499658041","15.9264811171271","34.9805895750206","3.91055107177679","3","0.888207971355369"
"AAATACTGTTACTC.1_B","1","-27.8688558805035","15.5570255488249","35.6798075568514","4.36050115167062","3","0.877787985691271"
"AAATACTGTTGACG.1_B","1","-27.752723644471","20.7794735513055","33.8427721181746","4.4819645183855","3","0.86756508885457"
"AAATCAACACACTG.1_B","1","-26.2163925860689","18.7235091521659","32.9877011112725","3.23262962897365","3","0.902005004287219"
"AAATCAACACCCAA.1_B","1","-24.5938608155647","22.1119733176223","30.4519294890493","4.86428632547579","3","0.840263444481407"
"AAATCAACATGTCG.1_B","1","-22.6129808344687","17.3938260503795","30.1333856344357","4.04940877945583","3","0.865617198525868"
"AAATCAACCCAATG.1_B","1","-25.2603734684781","13.7141350537313","34.1257921797977","4.86361067533438","3","0.85747991871633"
"AAATCAACGGGAGT.1_B","1","-23.4584119490143","16.6857100093719","31.1947371359136","3.68894702691522","3","0.881744570860056"
"AAATCAACTCCAGA.1_B","1","-25.6407841839798","18.0858086026518","32.6664604141801","3.10740276807932","3","0.904874824860717"
"AAATCAACTTTACC.1_B","1","-29.0665963338307","16.9599265384572","36.2664063329255","4.658489778687","3","0.871548073003923"
"AAATCATGACTGGT.1_B","1","-25.3296884084668","19.6214213206637","31.8590201258131","3.3786177230781","3","0.893950984376301"
"AAATCATGAGTCGT.1_B","1","-22.9340259419265","21.0874132916452","29.133126801247","4.79107785882264","3","0.83554536073287"
"AAATCATGCATACG.1_B","1","-23.9875776772233","21.6003791884037","29.9987471762368","4.65319747260498","3","0.84488693993558"
"AAATCATGCCGCTT.1_B","1","-23.9787734211205","13.9852954628786","32.8695470369185","4.79297012400877","3","0.854182045203562"
"AAATCATGCGTTGA.1_B","1","-25.6491659428037","16.3142928809323","33.3439576287722","3.37279402995362","3","0.898848419029801"
"AAACATACCACTAG.1_M","2","10.0153596632821","-15.6787682141182","36.983586777364","3.78680834196867","5","0.897608407622421"
"AAACATACGTTCAG.1_M","2","6.96219472274502","-22.1811268504592","35.6923933671942","5.14140666277025","4","0.855952314268288"
"AAACATTGACGGTT.1_M","2","9.07887046445747","-15.4458644547993","37.6406973040223","3.83314212329797","5","0.898164954481639"
"AAACATTGCTTCGC.1_M","2","7.6356163376955","-19.6694569270205","36.9724511596558","3.62098319276787","4","0.902062668846823"
"AAACATTGGGCAAG.1_M","2","10.2010913008845","-18.7753001101233","38.6311745375489","3.41963000237843","5","0.911480040580837"
"AAACATTGTTTGTC.1_M","2","12.7977829479647","-16.8404106045527","35.3991782656443","4.69074363829294","5","0.867490041630559"
"AAACGCACGGACTT.1_M","3","-0.536624664443019","27.601862988596","26.809853429232","6.03246258066666","1","0.774990840714959"
"AAACGGCTACGGAG.1_M","2","7.65925622175853","-22.1094595462232","36.3868150516063","4.88114640849036","4","0.86585398030667"
"AAACGGCTAGTCAC.1_M","2","10.6650315709128","-20.952995786468","39.5695991728221","4.40056464381985","4","0.888789253977525"
"AAACGGCTCAGCTA.1_M","2","10.7292752462824","-17.4378217657244","37.4066968864244","3.49900456340213","5","0.906460477544277"
"AAAGACGACCGTAA.1_M","2","7.91581819347973","-21.9303776681573","36.6759146592184","4.70083909798419","4","0.871827624705124"
"AAAGACGACTCGCT.1_M","2","6.60383846039473","-19.8209485279756","35.9421469158285","4.0657128075247","4","0.8868817486878"
"AAAGACGAGGTAAA.1_M","2","7.18628197539532","-16.3291334785392","37.6263323432136","3.88298604503901","4","0.896801367467341"
"AAAGACGATCAAGC.1_M","2","10.6100850469154","-13.8655046453762","35.5084114809622","5.09024910643123","5","0.856646667813896"
"AAAGATCTTGCATG.1_M","2","6.04443575656758","-17.1776066389813","36.2586176376128","4.26528905476345","4","0.8823648188303"
"AAAGCAGAGATAGA.1_M","2","5.8813227266541","-21.5732342384308","34.7841644295579","5.27127155400542","4","0.848457720906869"
"AAAGCCTGCAACCA.1_M","2","10.8327625193476","-14.8946370993818","35.8717668572529","4.42388319678307","5","0.876675068323583"
"AAAGCCTGTGCTCC.1_M","2","6.75289145374098","-21.636353874032","35.6132816561354","4.85253994048113","4","0.863743532894977"
"AAAGGCCTCGCAAT.1_M","2","11.2629759974675","-19.0455313368617","37.9649539818259","3.86508027315655","5","0.898193468771046"
"AAATACTGACAGTC.1_M","2","5.68624781892962","-20.92725196025","34.7592118684449","5.04324173236622","4","0.854909203596052"
"AAATACTGACGGTT.1_M","2","7.33388569189823","-20.8559726777178","36.3660603817505","4.19019439847246","4","0.884777334842264"
"AAATACTGTGGATC.1_M","2","13.4223444644723","-15.8086390840488","34.2797364572518","5.44708200959659","5","0.841099069813757"
"AAATCAACTTGTCT.1_M","2","9.15037901313982","-18.667655951267","38.7079104883766","3.23277992737734","4","0.916482706336006"
"AAATCATGTAGCGT.1_M","2","11.4486030017565","-19.7282652876898","38.2537459281881","4.16286904895405","5","0.891177479539682"
"AAATCCCTGCTGTA.1_M","2","8.29679808570572","-16.6558386265386","38.5456160320959","3.43089958168082","4","0.910991185642901"
"AAATCCCTGTTCTT.1_M","2","8.1770156987485","-20.6666266506756","37.227960796049","3.90908369315519","4","0.894996029608743"
"AAATCTGAAACCAC.1_M","2","7.21650861288892","-16.5253344056226","37.5834639929839","3.80279133460175","4","0.898817433770563"
"AAATCTGACTCATT.1_M","2","5.74491664029576","-20.4632375983675","34.9400335181317","4.79758900022447","4","0.862690772814089"
"AAATCTGAGCTACA.1_M","2","10.3675355480256","-20.4275070177584","39.4053526059078","4.02119471246481","4","0.897953083869577"
"AAATCTGATCACGA.1_M","2","8.60030344300947","-14.023171991769","37.3097054754111","4.81951990298648","5","0.870823962784622"
"AAATGGGAAGTAGA.1_M","2","6.67147904239718","-21.8987637882644","35.4732095574622","5.05906824448738","4","0.857383408279076"
"AAATGGGACGAATC.1_M","5","39.412962816976","6.81692569906937","39.2949721998175","3.75036309978639","2","0.904558703319205"
"AAATGGGATAACGC.1_M","2","6.98580098864492","-14.3155154338445","38.2229226911943","5.06694135632781","4","0.867437103194228"
"AAATGGGATAGTCG.1_M","2","9.01911207610773","-17.2996117270651","38.7149074550468","3.21083993821806","5","0.917064506948744"
"AAATGTTGAGAACA.1_M","2","5.3219999379198","-19.6708765681541","34.7626320599712","4.83807447814292","4","0.860825426860761"
"AAATTGACAGGGTG.1_M","2","10.3106480624508","-21.6474501694733","39.0705005199642","4.71494077773832","4","0.879322232503034"
"AAATTGACTGGGAG.1_M","2","8.50970600235184","-22.7229980131632","37.0898497741972","5.26790721906156","4","0.85796903327642"
"AAATTGACTGTCCC.1_M","2","6.21087100542648","-15.634567141808","36.9867859693084","4.69062064937931","4","0.873181177373142"
"AACAAACTCAATCG.1_M","2","7.31540805297783","-18.9733688163064","36.8687335225216","3.56019567677606","4","0.903435910685642"
"AACAAACTCTTGTT.1_M","2","9.53536333366563","-15.9866450715678","37.5526826794903","3.58504020120062","5","0.904533046765295"
"AACACGTGAAGAAC.1_M","2","12.2458326735938","-15.420881110119","35.0011575270383","4.79403460834608","5","0.863032112448204"
"AACACTCTGCGTAT.1_M","2","9.14081969337411","-21.6627891223022","37.9274390425439","4.4775550240196","4","0.881944177169541"
"AACAGAGACGCTAA.1_M","2","6.20125840526466","-20.1812249772314","35.4554320408664","4.40481387593092","4","0.875764766570779"
"AACAGAGATCATTC.1_M","2","8.97628164140887","-13.9723697291635","36.9602726346095","4.82932085469408","5","0.869337520790582"
"AACAGCACAAGCAA.1_M","2","10.1285916845035","-17.0562230052174","37.6689120671592","3.3649199203989","5","0.910671167927557"
"AACAGCACGTATCG.1_M","2","8.54088612653519","-15.7102304384339","38.2354430835038","3.74962340995318","5","0.901933308272007"
"AACATATGACAGTC.1_M","2","7.60224554806188","-21.5377265119967","36.4603106686351","4.5012779802097","4","0.876543071146075"
"AACATATGCTCCAC.1_M","2","8.07131991812944","-21.5826447202526","36.9053745801039","4.44169629405151","4","0.879646356537834"
"AACATATGGCAGAG.1_M","2","9.1948002632944","-17.1371241982006","38.4783652371802","3.23592512451314","5","0.915902738991978"
"AACATATGGTATCG.1_M","2","11.9426465187813","-15.2778156236579","35.1671717547595","4.69376997678575","5","0.866529784950634"
"AACATTGATCGATG.1_M","2","6.71722747054964","-15.2602585199438","37.597911069313","4.60195320265102","4","0.877600827498976"
"AACCACGAAATGCC.1_M","2","5.6610777928753","-18.9563425874529","35.303349348776","4.45818258305512","4","0.873717857787063"
"AACCAGTGCTTCGC.1_M","2","9.28755467517414","-21.789819779626","38.0425759437124","4.58233194392507","4","0.879547274855807"
"AACCAGTGGACACT.1_M","2","6.95895953458335","-20.4546193643135","36.108645963254","4.13882484567664","4","0.885378564184087"
"AACCAGTGTCCAGA.1_M","2","6.69164968053037","-22.0934295417537","35.448656672892","5.18627211903281","4","0.853696229820782"
"AACCCAGACCTTTA.1_M","2","7.83987446391497","-13.7194422081098","37.8182812113063","5.21194101297534","5","0.862184614264882"
"AACCGATGACCTAG.1_M","2","7.73848919416749","-14.8076877079711","38.4478949842532","4.44845205189392","5","0.884299204060044"
"AACCGATGGGGATG.1_M","2","10.4789607030055","-16.8864759557031","37.2857519956794","3.48859771562926","5","0.906436171220752"
"AACCGCCTTCGTGA.1_M","2","9.05258804082856","-21.0439211415435","37.983235167176","4.0862048692273","4","0.892420831157677"
"AACCGCCTTGAGAA.1_M","2","11.9036893160179","-16.8135760345636","36.0940284508091","4.11930654323168","5","0.885872906958953"
"AACCGCCTTTCACT.1_M","2","9.63215478294521","-20.357534643966","38.7113115999577","3.80596971600767","4","0.901683266241699"
"AACCTACTTGATGC.1_M","2","12.6973896954558","-17.7986763356958","36.0691788767186","4.54283534359258","5","0.874052155189903"
"AACCTTACGACAGG.1_M","2","10.0017170626927","-16.3295505783793","37.3578347940204","3.519478188885","5","0.905790091736035"
"AACCTTACGCCCTT.1_M","2","10.3127321255091","-14.0724159749965","35.8693421107632","4.85932674563542","5","0.864527017790569"
"AACCTTTGTTGTGG.1_M","2","9.8038011428715","-16.7827584392521","37.7772421399695","3.35749900678485","5","0.911123766146166"
"AACGCAACTAAGGA.1_M","2","9.56157029430863","-18.0356457538442","38.6995712985488","3.20878371854698","5","0.917084773529073"
"AACGCATGCGTTGA.1_M","2","8.26834491907306","-18.4771250738403","37.9250526211921","3.25406450907249","4","0.91419749521312"
"AACGCATGCTGAAC.1_M","2","5.53685329215047","-16.8722027358278","35.8966313562273","4.68504087919732","4","0.869485221810805"
"AACGCCCTCCCAAA.1_M","2","6.53703897531548","-18.9958528951159","36.1218765073894","3.91595403582493","4","0.891590514822123"
"AACGGTACAAGGCG.1_M","2","11.235707652779","-14.3753110119507","35.2520680837626","4.91524305301278","5","0.860568661068802"
"AACGGTACCTGTGA.1_M","2","9.91682535908811","-14.9267479296189","36.6569690747438","4.19047397167983","5","0.885684111986034"
"AACGGTACTATGCG.1_M","2","7.66425362931914","-18.1311505762859","37.4599298605944","3.37660733320398","4","0.909860820728445"
"AACGGTTGGCCATA.1_M","2","11.4609659216004","-16.5407013651087","36.2885594462444","3.95193417338012","5","0.891096967372478"
"AACGGTTGTCTACT.1_M","2","9.34614722479332","-15.8119673550572","37.6145658622913","3.65087773355175","5","0.902939788088535"
"AACGTCGAAAGTAG.1_M","2","8.16822579478511","-20.0574611336344","37.3774482033427","3.64487363858234","4","0.902484684916067"
"AACGTCGACTCTTA.1_M","2","7.29236729078895","-18.5685744159857","36.9703448588842","3.52039420618518","4","0.904777891046932"
"AACGTCGAGGCATT.1_M","2","8.77290900221967","-15.221048398895","37.7794971974827","3.97898433920908","5","0.894678737559424"
"AACGTGTGATTGGC.1_M","2","11.0743647272003","-14.8202115614949","35.6294654357174","4.55497000568242","5","0.872157217348644"
"AACGTGTGCCAACA.1_M","2","8.04688662262806","-17.5975969513727","37.9933561673521","3.30138598748028","4","0.913106229074935"
"AACGTTCTCACTTT.1_M","2","7.47172696068468","-15.9727666301808","38.0219567257511","3.91199600901776","4","0.897112186065682"
"AACGTTCTGCGGAA.1_M","2","8.81730140589819","-17.4979380141931","38.7526392914568","3.19691412836439","4","0.917504609058481"
"AACGTTCTGGCAAG.1_M","2","6.6665262394142","-17.4926440428469","36.7306607543313","3.84248256269193","4","0.895387600337715"
"AACTACCTGATACC.1_M","2","8.37968486426163","-22.5039096565977","37.0065927119159","5.09102981348894","4","0.862429112209251"
"AACTACCTGTCATG.1_M","2","5.04193966885853","-18.3286317933495","34.9230877407779","4.88540344552542","4","0.86010963630169"
"AACTCACTCGTTGA.1_M","2","8.25608296218521","-14.2793455783435","37.7352853914211","4.68013939205086","5","0.875974453525271"
"AACTCACTCTTGGA.1_M","2","7.3656930086967","-22.6179658142206","35.9926943615846","5.35462159799069","4","0.851230320681251"
"AACTCGGAATACCG.1_M","2","6.25717289064962","-18.2099009180301","36.1059303233347","4.02464271142601","4","0.888532363648169"
"AACTCTTGACTAGC.1_M","2","7.06031956578944","-17.3830486163417","37.1372900449175","3.66559188619391","4","0.901296193616702"
"AACTCTTGGATGAA.1_M","2","8.10395693504696","-15.0450976199803","38.2565166688856","4.19794903234344","5","0.890268393521628"
"AACTGTCTAGTGCT.1_M","2","6.12887537877926","-16.4548931078083","36.599309103783","4.40559373011458","4","0.879626314321349"
"AACTGTCTCCTTTA.1_M","2","11.5816160917384","-17.9076012319633","37.0109961131185","3.86271728850514","5","0.895633252433971"
"AACTGTCTTCTAGG.1_M","2","12.2607032344937","-16.4096443646933","35.5675501586093","4.42507209990784","5","0.875586817754533"
"AACTTGCTCCTTAT.1_M","2","8.90754501631613","-22.1545185209068","37.5942595682172","4.81538572580449","4","0.871911675316635"
"AACTTGCTGGAAAT.1_M","2","8.05227469811836","-19.0614456887327","37.5448748241094","3.37394540379396","4","0.910135659804427"
"AAGAAGACCTTGGA.1_M","2","12.7447636056063","-15.2187555451765","34.4783382650354","5.21396867890868","5","0.848775522798435"
"AAGAATCTCTGATG.1_M","2","11.9152335206528","-15.986440687041","35.597234214619","4.36045531005499","5","0.877505783630116"
"AAGAATCTTACTTC.1_M","2","10.9910218738239","-15.3392322136667","35.9857521505984","4.22666907316426","5","0.882546040569726"
"AAGAATCTTCTGGA.1_M","2","9.17519752811468","-19.7570244634747","38.4260829243804","3.50638482522535","4","0.90874987616808"
"AAGACAGACGCAAT.1_M","2","11.4787595468823","-19.4863582380639","38.0763045537649","4.09326454830289","5","0.892498376712922"
"AAGAGATGGAAAGT.1_M","2","6.26160147058345","-19.5879909819886","35.6824822621579","4.18622937789977","4","0.882681105335002"
"AAACATACATTCTC.1_S","3","7.40907390369203","31.4826869666645","35.5959621536726","3.84525207829227","1","0.891975048695361"
"AAACATTGCGATAC.1_S","3","5.84087530687332","29.3998107189813","33.3858464958074","3.13309496297303","1","0.906154994052151"
"AAACATTGCGTCTC.1_S","3","5.29758208723047","28.0769127685361","32.4413275699308","3.41130956296299","1","0.894846795168615"
"AAACATTGGCCAAT.1_S","3","6.8599227909413","31.3541207275221","35.040916273004","3.59371704472847","1","0.897442263874329"
"AAACATTGGCCATA.1_S","3","5.67166123542312","28.7552432179489","33.0111797207075","3.22043201469545","1","0.902444200966398"
"AAACATTGGTACGT.1_S","3","2.4408858686899","28.3799510975072","29.8558381196343","3.74428305105048","1","0.874587910208821"
"AAACATTGTCCCGT.1_S","3","6.53897636315121","28.1085010028963","33.6282755494283","3.69345219592149","1","0.890168254673283"
"AAACCGTGACCTTT.1_S","3","8.4311144118363","29.7164833228157","35.9244859358835","4.27901449677655","1","0.88088863666933"
"AAACCGTGTCAGTG.1_S","3","1.52364576023731","27.9077795167046","28.8358246314616","4.32017604892186","1","0.850180249597985"
"AAACCGTGTCGTGA.1_S","1","-22.5938581506085","21.2062186156068","28.7734883496074","5.05051515687132","3","0.824473310447941"
"AAACGCACAGAGGC.1_S","3","7.03312649902649","30.3936284990887","34.8464845117472","3.45330524241985","1","0.900899465446631"
"AAACGCACCACAAC.1_S","1","-23.5740384910327","22.4305088762212","29.3863326469146","5.41246230608257","3","0.815817020411669"
"AAACGCACCAGTTG.1_S","3","3.58660554956759","28.6238808351867","31.0104457491449","3.34234999989157","1","0.892218576058884"
"AAACGCACTCTCGC.1_S","3","7.15716297386424","31.4366969492644","35.3462595850154","3.72301460968629","1","0.894670195562514"
"AAACGCACTTCTAC.1_S","2","12.9795700308225","-18.8845646244513","36.542093535089","4.88050644076067","5","0.866441520760866"
"AAACGCACTTTCTG.1_S","3","7.98795170122093","32.3701193213206","36.4717212897327","4.52958351825443","1","0.875805600666027"
"AAACGCTGAACCAC.1_S","1","-25.4038961554013","20.9981408559617","31.5237567315174","4.01048825577592","3","0.872778860402566"
"AAACGCTGAACTGC.1_S","3","1.82317977002392","30.2606035398198","30.000584653589","4.16477309619808","1","0.861176935573493"
"AAACGCTGCATCAG.1_S","3","8.12037803913118","32.4323202314269","36.6175690919943","4.64202946845459","1","0.873229447405632"
"AAACGCTGGTAAGA.1_S","3","5.79044179386771","32.1502507489842","34.3791246538264","3.76045053842439","1","0.890618199960311"
"AAACGCTGTCTTTG.1_S","3","3.11495828530629","28.4934114725226","30.5246068027806","3.4898531746249","1","0.885670822979872"
"AAACGCTGTTTCGT.1_S","2","12.1007716041442","-17.604430497044","36.4161346667668","4.15085738544238","5","0.886015981008813"
"AAACGGCTCAGCTA.1_S","3","4.76734573225643","27.090178778313","31.6411718834743","3.90525856674339","1","0.87657667733909"
"AAACGGCTGCTGAT.1_S","3","7.96005702637918","29.4127051935655","35.381601452314","3.99953851275555","1","0.886959935430114"
"AAACGGCTGGGATG.1_S","3","-0.158599590327632","27.0777156877105","26.9795180820026","5.90269203575664","1","0.781215809051305"
"AAACTTGAAAACGA.1_S","3","4.18864202944054","29.1075693943436","31.7407014509673","3.16000398322492","1","0.900443158507178"
"AAACTTGAACCACA.1_S","3","1.59907328848224","27.619135103204","28.8082904806334","4.3839968521891","1","0.847821693719165"
"AAACTTGAATCGAC.1_S","2","11.59450693662","-20.7977680135647","38.8365932286974","4.73136516973389","5","0.878172497214875"
"AAACTTGAGACAAA.1_S","3","7.04370157350406","30.4052387405012","34.8604730321694","3.45843608374548","1","0.9007920494781"
"AAACTTGAGAGGTG.1_S","3","6.91510606749694","32.6879014275607","35.6219071848292","4.26200171608786","1","0.880354476980307"
"AAACTTGAGTCTTT.1_S","3","5.05494133492245","28.3712589865793","32.3053930397976","3.27678200573094","1","0.89856857640784"
"AAACTTGAGTTTCT.1_S","3","8.70322356524435","30.4632823214449","36.4304207112553","4.45651003533424","1","0.877670640406374"
"AAACTTGATAAGCC.1_S","3","2.14724206623022","27.7158988139313","29.3548736648554","4.07504207341057","1","0.861180050715417"
"AAACTTGATTGTCT.1_S","3","5.6307410890022","31.5719062643202","33.9987253627182","3.48311411811846","1","0.897551626393091"
"AAAGACGAAAGAGT.1_S","1","-24.5802140355782","18.4566890125099","31.5443124125215","3.21501215612994","3","0.898079498006311"
"AAAGACGAACTTTC.1_S","3","2.33665329099892","26.5600158450997","29.1714163340074","4.64695874251085","1","0.840701641315457"
"AAAGACGAAGGCGA.1_S","3","3.68886729390555","31.1169428045962","32.0458717335169","3.61905891693698","1","0.887066298366544"
"AAAGACGAAGTGTC.1_S","3","1.69202670672721","29.9078601201087","29.7382253634227","4.15372764412631","1","0.860323620748557"
"AAAGACGACACCAA.1_S","3","7.57705894369152","33.0009337386998","36.3520915226473","4.71471316188562","1","0.870304211823731"
"AAAGACGACCACAA.1_S","3","8.35919621077748","32.2904273135775","36.7809112545419","4.72238866932067","1","0.871607621773169"
"AAAGACGACCGATA.1_S","2","13.0939818382507","-17.9029811633577","35.8270765387343","4.84093461548216","5","0.864880557300052"
"AAAGACGAGATAAG.1_S","2","12.4773017410815","-19.0765833834474","37.0487338453565","4.56711657252095","5","0.876726783927776"
"AAAGACGAGGTATC.1_S","3","6.40798449634636","32.804589145585","35.2112869393886","4.22178676252477","1","0.880101321778099"
"AAAGACGATAGACC.1_S","3","0.892206858308094","28.5715437360694","28.4872206603358","4.60274054438085","1","0.838427883180984"
"AAAGAGACAGAACA.1_S","3","7.22620030382039","28.7502850485655","34.4772989045413","3.74223814421294","1","0.891457908156488"
"AAAGAGACATCTCT.1_S","3","7.71156531163808","28.4281317631607","34.8389341548982","4.12949518736041","1","0.881468957431356"
"AAAGATCTACACCA.1_S","3","0.727623515347821","29.0343217431998","28.5116745679591","4.71446265741638","1","0.834647991433151"
"AAAGATCTACTCTT.1_S","3","1.22385979573394","27.3621171189102","28.3706239335578","4.72851493315751","1","0.833330597725613"
"AAAGATCTCACTTT.1_S","3","1.50860521182745","29.7474134040866","29.5067235562305","4.23652806017692","1","0.856421603296502"
"AAAGATCTGCCCTT.1_S","3","0.916122483818161","27.9772464850721","28.2936571818712","4.70324288819618","1","0.833770415115875"
"AAAGATCTGCTTCC.1_S","3","1.08447533727227","28.4711176751975","28.6278708694509","4.4745375188923","1","0.843699954519946"
"AAAGATCTGTATCG.1_S","3","0.335353382560385","28.2460547823241","27.8520828145414","5.10191993494418","1","0.816820883058681"
"AAAGATCTTGATGC.1_S","3","1.8757353648335","28.0612288820152","29.2176510099561","4.08180045815845","1","0.860296761818137"
"AAAGCAGACACTTT.1_S","3","2.31214602173102","28.4325886449862","29.754244422354","3.7874866854682","1","0.872707683928861"
"AAAGCAGACCGTAA.1_S","3","5.12157050454816","30.1291466837046","32.9754925425482","3.09189765906336","1","0.906236498057644"
"AAAGCAGACCTCAC.1_S","3","7.10914365312625","29.5628149022034","34.6302020600931","3.5074773632071","1","0.898716231654651"
"AAAGCAGACTTACT.1_S","3","5.48724094679478","30.3797791658477","33.4067054591463","3.12848349096151","1","0.906351630669256"
"AAAGCAGAGGACAG.1_S","3","7.18379545227825","33.4682573952792","36.1932005236741","4.91209012061392","1","0.864281410609131"
"AAAGCAGATTATCC.1_S","2","13.3528228850594","-16.0081486148939","34.4549307571643","5.32150749117877","5","0.845551641688548"
"AAAGCCTGATCGGT.1_S","3","5.98551500192165","32.146502159048","34.5547521998665","3.76904181762544","1","0.890925514504486"
"AAAGCCTGCAGGAG.1_S","3","4.19356205503132","32.1358827255943","32.9302207979172","3.95914016678638","1","0.8797718305297"
"AAAGCCTGCTAGCA.1_S","3","3.57080860805707","27.6708610440717","30.6809444126339","3.6671367513609","1","0.880475102003352"
"AAAGCCTGGAAGGC.1_S","3","6.39291994272183","27.4803528691375","33.3045415823845","3.97476541161399","1","0.880653952201032"
"AAAGCCTGGCATAC.1_S","3","0.557277976517887","27.6316584640471","27.8381870102693","5.09190821209268","1","0.817089086648699"
"AAAGCCTGGTCACA.1_S","3","7.86096438033228","30.8314280297283","35.7736931275977","3.91577871117321","1","0.890540272227237"
"AAAGCCTGGTTCGA.1_S","3","1.45397199499916","27.6612718337389","28.6865019376166","4.45028913837147","1","0.844864698106122"
"AAAGGCCTATTCGG.1_S","3","0.958443706957707","29.1989373834497","28.7872712495731","4.5462819186366","1","0.842073189944878"
"AAAGGCCTCGTAGT.1_S","3","5.56344510882954","32.9466868884162","34.5112993773922","4.25893923133407","1","0.876592904116383"
"AAAGGCCTTATGCG.1_S","2","13.1451395633433","-17.4393356632067","35.4961662349242","4.8844476735576","5","0.862395064266071"
"AAAGGCCTTCTTTG.1_S","3","5.68273610760513","28.7098839861642","33.0068093040149","3.23477409837827","1","0.901996764710462"
"AAAGTTTGAAAGTG.1_S","3","8.56591813194948","30.3285162261697","36.2556863527389","4.34496305097843","1","0.880157749360875"
"AAAGTTTGGATACC.1_S","3","2.43391828272139","26.8925297896028","29.3633783602791","4.39229510803076","1","0.85041588014367"
"AAAGTTTGGTAAAG.1_S","3","1.45087851834276","26.8900429050034","28.4321366503081","4.84994753928555","1","0.829420222653826"
"AAAGTTTGGTTACG.1_S","3","4.82876881741188","27.9704894236612","31.9644375246332","3.42737975750276","1","0.892775220747699"
"AAAGTTTGTCGATG.1_S","3","5.46894544547933","33.0305270951821","34.463046199452","4.3227798129391","1","0.874567680758068"
"AAAGTTTGTGGATC.1_S","3","7.48628983466086","30.1214166827093","35.1737875782118","3.65214812546576","1","0.896168471554424"
"AAATACTGAGTGTC.1_S","3","5.15160613863813","29.5432922912587","32.7919034012542","3.06408319593492","1","0.906559763901423"
"AAATACTGGGTGGA.1_S","1","-22.447559474792","19.567245706934","29.1597931269258","4.40928278454734","3","0.848788955211213"
"AAATACTGGGTTAC.1_S","3","5.92099521732817","30.6719937940161","33.9167070225931","3.21727160602882","1","0.905141981977033"
"AAATCAACCTAGAC.1_S","3","6.5398928599408","27.9768566870972","33.5896485801078","3.75595308604624","1","0.88818123306385"
"AAATCAACCTTACT.1_S","3","8.73159841988392","31.5081126736213","36.8283269240602","4.6710571724169","1","0.873166728913627"
"AAATCAACGAGGTG.1_S","3","6.23702468578645","29.1722478316545","33.6805461018817","3.25340745156938","1","0.903403957829899"
"AAATCAACGGAAGC.1_S","3","3.84835484838821","29.3795311136721","31.5210473408502","3.20842470587019","1","0.898213258234215"
"AAATCAACGTTAGC.1_S","3","7.40477262288025","28.691432054704","34.6280982531058","3.85423685433984","1","0.888696259720409"
"AAATCATGCCGATA.1_S","3","6.98587192586704","32.0421330118056","35.42465803218","3.91657908314406","1","0.889439184435141"
"AAATCATGGAGCAG.1_S","1","-22.6810714168317","19.8444479873131","29.284575544064","4.353344870771","3","0.85134341919279"
"AAATCATGGAGGCA.1_S","3","4.338537570631","27.175177411588","31.25743678995","3.85078577431412","1","0.876804173029561"
"AAATCATGGCAGAG.1_S","3","2.9453532296374","27.3238493044822","29.9806730237785","3.9816574985356","1","0.867192524484769"
"AAATCATGGTTGTG.1_S","3","6.09872647978411","33.0732910113015","35.0469821580184","4.37097663029483","1","0.87528236780596"
"AAATCATGTAAGCC.1_S","3","8.29880638964003","30.6944373603314","36.1327913146583","4.17557296142206","1","0.884438129203483"
"AAATCATGTAGACC.1_S","1","-25.7191510281873","20.8540277809186","31.8661708857894","3.93372299255273","3","0.876554889300899"
"AAATCATGTCCAAG.1_S","3","1.09999857880533","28.5812883079604","28.6828192263449","4.45048718720878","1","0.844837874823649"
"AAATCCCTACTTTC.1_S","3","8.58772115439135","31.1762372494916","36.5737781463605","4.46983309811005","1","0.877785853016806"
"AAATCCCTCGTAAC.1_S","3","2.26555921135964","28.7891788206895","29.8383164622373","3.76441293715138","1","0.873839633616208"
"AAATCCCTCTTCGC.1_S","3","3.49992692713869","29.7962915188281","31.3527159304671","3.32753345212728","1","0.893867776574541"
"AAATCCCTGAAACA.1_S","3","7.81502972895704","32.4858715716633","36.3594866067736","4.49961809423246","1","0.876246379854159"
"AAATCCCTGAGGGT.1_S","2","13.0345964125282","-16.1841139246838","34.8141797736281","5.02192052706407","5","0.855750715377526"
"AAATCCCTGTACAC.1_S","2","12.3024565714464","-19.6637687521402","37.5611682882885","4.63104492379242","5","0.876706579298909"
"AAATCTGAAACGTC.1_S","3","8.42455503819401","31.4923943836893","36.5380193311185","4.43838937308424","1","0.878526820710717"
"AAATCTGACTAGTG.1_S","3","7.68948414857572","32.8201041445583","36.3799575619929","4.64328561319291","1","0.872366931564432"
"AAACATACCCAATG.1_NK","4","-30.1444502797912","-26.8154094941801","40.2498386799061","4.62786985898568","2","0.885021406028739"
"AAACATACGACGTT.1_NK","4","-32.6071267068277","-28.779613422556","43.097227363496","5.34833418219861","2","0.875900736326051"
"AAACATACTCACCC.1_NK","4","-25.924889825289","-33.1542865747378","38.1746729959186","4.52602222684475","2","0.881439135645546"
"AAACATACTCAGAC.1_NK","4","-26.8516311143081","-32.2497075296271","38.6867313049012","3.84023169988956","2","0.90073517274893"
"AAACATTGAACAGA.1_NK","4","-31.7361147873089","-27.3708565400356","41.9217112714261","5.1182935403981","2","0.87790828701483"
"AAACATTGGACTAC.1_NK","4","-24.99754020648","-29.6564257866478","36.0587907008523","3.95151139325422","2","0.89041475555749"
"AAACATTGGTCATG.1_NK","4","-27.1594620652382","-31.8155805920912","38.8174835063841","3.62379695339339","2","0.906645237504966"
"AAACATTGGTTCGA.1_NK","4","-30.8620577626555","-29.6375942869744","41.6407955272367","4.0894198094199","2","0.901792947093312"
"AAACATTGTGCAGT.1_NK","4","-31.9432890514081","-28.3614957212808","42.3522609468839","4.89854725322409","2","0.884337998876433"
"AAACATTGTTTCAC.1_NK","4","-30.58947091101","-26.7504038688349","40.6698060929953","4.83891679151149","2","0.881019428013823"
"AAACCGTGACGCTA.1_NK","4","-27.2811932042207","-33.2953443446755","39.4764198643741","4.4820117508255","2","0.886463570753782"
"AAACCGTGACGGAG.1_NK","4","-26.3572449252287","-29.8792811905655","37.4161560815775","3.40558972740657","2","0.908980769697949"
"AAACCGTGATACCG.1_NK","4","-32.1735874319722","-27.7028854114408","42.4216229865475","5.28104108419098","2","0.875510630843481"
"AAACCGTGCAGCTA.1_NK","4","-30.4759386686292","-28.2611517960913","40.9074702454748","4.06755482691008","2","0.900566942846826"
"AAACCGTGCCGTTC.1_NK","4","-26.4200246214291","-30.8028580988123","37.775774178928","3.41940375219561","2","0.909481570490142"
"AAACCGTGCTCAAG.1_NK","4","-30.5715711269554","-30.3110040033591","41.5549153356955","4.01720961296725","2","0.903327691068198"
"AAACCGTGGCTATG.1_NK","4","-29.0217664015404","-30.2460544430988","40.0588634871612","3.41545168607064","2","0.914739176582848"
"AAACCGTGTGGATC.1_NK","4","-26.7941036537742","-32.9887363404994","38.9098481997811","4.27953499020414","2","0.890014091850705"
"AAACCGTGTGTCTT.1_NK","4","-29.7530951542164","-27.2013263135093","39.9545442421029","4.28310357239506","2","0.892800589929352"
"AAACCGTGTTGAGC.1_NK","4","-28.7123386825557","-29.6188397535443","39.5777412302024","3.32393956700816","2","0.916014924963135"
"AAACGCACAGCCTA.1_NK","4","-23.527544472064","-31.7350169965645","35.4187128124758","5.04845936452471","2","0.857463499838242"
"AAACGCACCTGGTA.1_NK","4","-32.7598122875825","-29.1320926111823","43.3332594660412","5.45038422804487","2","0.874221688024273"
"AAACGCACTAAGCC.1_NK","4","-29.7484369075296","-29.9526199723215","40.6643260131478","3.60351816480958","2","0.911383797099097"
"AAACGCACTAGACC.1_NK","4","-25.6983243061571","-28.4519229957628","36.3613567092893","3.99355067357135","2","0.890170471209312"
"AAACGCACTCTCCG.1_NK","4","-25.1300503151511","-30.9177542692554","36.605927481927","3.86349339039075","2","0.894457164285805"
"AAACGCACTTCAGG.1_NK","4","-25.5325095066655","-33.1402736532374","37.8095284439781","4.62399925309477","2","0.8777028055257"
"AAACGCTGCCCTCA.1_NK","4","-24.3465234385817","-31.9766399286798","36.2660008061272","4.55548225316948","2","0.874386969836503"
"AAACGCTGGACTAC.1_NK","4","-27.3222489479566","-30.5178307729962","38.5323347372133","3.27287504750742","2","0.91506159515565"
"AAACGGCTAAACAG.1_NK","4","-32.0768758743306","-29.9951260599499","42.9052017850534","4.93363753859708","2","0.885010736849261"
"AAACGGCTCCGTTC.1_NK","4","-28.5190407647492","-28.3406821570767","39.0390035749349","3.5708126712112","2","0.908532176945627"
"AAACGGCTGTCAAC.1_NK","4","-29.6690824671878","-27.2934927957911","39.8939983852494","4.2119082200995","2","0.894422509886679"
"AAACGGCTTAACCG.1_NK","4","-30.2460494552212","-27.1191664474065","40.4154661887942","4.47658770801881","2","0.889235777038741"
"AAACGGCTTCTTAC.1_NK","4","-24.2876933782864","-32.4829078673353","36.4086039634872","4.81005483141402","2","0.867886864428039"
"AAACGGCTTGGCAT.1_NK","4","-23.8105398331871","-30.591415127487","35.2587775339206","4.63541378324012","2","0.868531636447672"
"AAACTTGAAAGGGC.1_NK","4","-24.5832324466759","-32.6314998044029","36.7382015552056","4.71638327655865","2","0.871621824778999"
"AAACTTGACCTTAT.1_NK","4","-26.8995647200263","-28.8554254355208","37.6252991799698","3.49255561672924","2","0.90717533965581"
"AAACTTGACTGTAG.1_NK","4","-32.0936331417889","-29.0555271408799","42.6706431766389","4.91016656986076","2","0.884928695601454"
"AAACTTGAGCCTTC.1_NK","4","-31.8463885263269","-28.448689820838","42.2796384729377","4.8093358471222","2","0.886249362084765"
"AAACTTGAGTCATG.1_NK","4","-30.9645439449169","-29.2485612160844","41.6333611112801","4.1453665652901","2","0.900431614103648"
"AAACTTGATCCCGT.1_NK","4","-23.2796558844013","-32.2284996476572","35.3845029560915","5.41368898769233","2","0.847003955533581"
"AAACTTGATGGTCA.1_NK","4","-23.4707318044533","-30.1650730009064","34.7919801843022","4.91013596213514","2","0.858871615351444"
"AAAGACGACTCTCG.1_NK","4","-24.2688721618381","-28.7692116328649","35.0913784479765","4.61607637959192","2","0.868455541396434"
"AAAGACGATAACGC.1_NK","4","-24.819512141915","-31.5897414891434","36.5581468326322","4.158074742879","2","0.886261336989668"
"AAAGACGATACGAC.1_NK","4","-26.1476402866322","-31.1773551479406","37.6481720572697","3.55028889922897","2","0.905698239642861"
"AAAGACGATAGTCG.1_NK","4","-30.3593128066435","-28.4897393267159","40.8521705043676","3.95481648825865","2","0.903192010621912"
"AAAGACGATATTCC.1_NK","4","-28.2679747551068","-32.663204807123","40.153935273364","4.16658350147509","2","0.896234740801633"
"AAAGACGATTCACT.1_NK","4","-25.2506601741619","-28.9856195407455","36.0904747723608","3.98873487852153","2","0.889479567567888"
"AAAGAGACAGTTCG.1_NK","4","-28.6575586467466","-28.8480588801386","39.3079659077003","3.42737146741983","2","0.912807203622093"
"AAAGAGACATAAGG.1_NK","4","-26.2523278118671","-28.0764454904503","36.7882439854039","3.96579230177917","2","0.892199467216956"
"AAAGAGACATGACC.1_NK","4","-31.0704877329526","-27.99972742789","41.4195044287719","4.44535876721409","2","0.892674747597266"
"AAAGAGACCATCAG.1_NK","4","-24.0101087169694","-30.083238145993","35.2694060045478","4.50332225591206","2","0.872316470106376"
"AAAGAGACCCCACT.1_NK","4","-23.9516000585577","-31.2188633904458","35.616477609557","4.60350254074564","2","0.870747955729615"
"AAAGAGACCTAGCA.1_NK","4","-32.2453300067019","-28.0499147262038","42.5710813574781","5.21254844401388","2","0.877556588233147"
"AAAGAGACGTACAC.1_NK","4","-31.7840832293754","-30.2969416102791","42.7095382864222","4.76694817408331","2","0.888386801512233"
"AAAGAGACGTAGGG.1_NK","4","-25.1715857876755","-32.0413923768827","37.0523481141238","4.1495588638634","2","0.888008207979627"
"AAAGATCTACTTTC.1_NK","4","-24.4769697369887","-29.0764472464388","35.383195733678","4.38273643099472","2","0.876135087854057"
"AAAGATCTCTTCCG.1_NK","4","-23.7494868642084","-30.4741749848964","35.1604363108403","4.67860757584612","2","0.866935451696779"
"AAAGATCTGCCAAT.1_NK","4","-25.3065843705081","-31.97632445661","37.1528805105603","4.0670445730557","2","0.890532187083053"
"AAAGATCTTTTCTG.1_NK","4","-29.8341836200798","-28.9394601709669","40.4634035859322","3.66701208803816","2","0.909374601168917"
"AAAGCAGAAGCACT.1_NK","4","-24.3653549044761","-28.412543293823","35.0767669563143","4.69689634248732","2","0.86609665741609"
"AAAGCAGAGGTGGA.1_NK","4","-30.3950744838052","-30.826076464826","41.5412765167399","4.05547688584781","2","0.902374764910906"
"AAAGCAGATGCAAC.1_NK","4","-27.3253766065342","-27.9898975045237","37.797434525468","3.76598103585007","2","0.900364109809819"
"AAAGCAGATGGTTG.1_NK","4","-29.1870869451597","-27.4758261481181","39.4688251643633","4.02733715832033","2","0.897961564816055"
"AAAGCCTGGATGAA.1_NK","4","-31.9052366548153","-30.2458779449217","42.8109783644443","4.84459623611327","2","0.886837525765661"
"AAAGCCTGGTGAGG.1_NK","4","-26.5960826709311","-28.2805822551482","37.1738640063556","3.77246081723303","2","0.898518464031932"
"AAAGCCTGTACTCT.1_NK","4","-23.977488031628","-31.2722939801931","35.6601753189566","4.59549336113277","2","0.871130937522625"
"AAAGGCCTAGTACC.1_NK","4","-28.9159616306945","-26.6649049652589","39.0202979962009","4.49853703629438","2","0.884712898995995"
"AAAGGCCTATCACG.1_NK","4","-30.6639137220911","-31.3571566947379","41.9614886463364","4.38725860763461","2","0.89544559191854"
"AAAGGCCTATTGGC.1_NK","4","-25.2282429252352","-29.3769021866462","36.1889864155852","3.89162996380586","2","0.892463692707075"
"AAAGGCCTCGACTA.1_NK","4","-25.6515536014688","-31.4434270225258","37.2786009676287","3.75959345462219","2","0.899148751373828"
"AAAGGCCTCTACGA.1_NK","4","-29.1187261839736","-32.1532836814005","40.7681194521386","4.09381026224778","2","0.899583048782668"
"AAAGGCCTCTGGTA.1_NK","4","-32.1727849431175","-26.6734290825684","42.1999781997986","5.7930974836641","2","0.862722737527581"
"AAAGGCCTCTTCCG.1_NK","4","-30.2503584618055","-26.6282221003877","40.3131047399524","4.78972829808665","2","0.881186816818408"
"AAAGGCCTGCCTTC.1_NK","4","-23.5304158403209","-32.3838062930839","35.6758856970923","5.28309880608982","2","0.851914011303147"
"AAAGTTTGAAGTGA.1_NK","4","-27.6197695221396","-27.3602670723314","37.9227011527298","4.07071875022521","2","0.892657468310846"
"AAAGTTTGAGTGTC.1_NK","4","-31.1464147647291","-26.4721092005955","41.1558197823901","5.2919958982598","2","0.871415612026658"
"AAAGTTTGTCCTAT.1_NK","4","-27.8089012412796","-31.6150318876407","39.3553345909471","3.56447238541905","2","0.90942848225107"
"AAAGTTTGTGCCTC.1_NK","4","-25.5102452709221","-31.6982156440021","37.2391453207279","3.88692636749513","2","0.895622567757171"
"AAAGTTTGTGGGAG.1_NK","4","-27.8532950229351","-29.3210018806269","38.6708042245203","3.2902309872878","2","0.914916923677488"
"AAATACTGCATCAG.1_NK","4","-28.2155062197165","-29.677588265784","39.1208614892279","3.26247385773607","2","0.916605265488992"
"AAATACTGCTTGTT.1_NK","4","-25.3511947155274","-30.446977036843","36.6516490037626","3.72769946923317","2","0.89829381295094"
"AAATACTGGCGAAG.1_NK","4","-27.1563166496495","-30.3124627305328","38.3096927217179","3.2660870177696","2","0.914745152317078"
"AAATACTGGCTAAC.1_NK","4","-30.4374823369435","-29.2836224660318","41.136127513953","3.8713996633417","2","0.905888086766832"
"AAATACTGTCGTTT.1_NK","4","-32.9463982674083","-28.3056898298455","43.3114908238421","5.7273758686204","2","0.867763132608042"
"AAATCAACCATTGG.1_NK","4","-31.0671819901268","-27.7351994814704","41.3539403928355","4.54647750423249","2","0.890059388270044"
"AAATCAACCCTATT.1_NK","4","-26.0963985946249","-30.0389080593016","37.2199872185707","3.46424745050331","2","0.906925076836812"
"AAATCAACTCACGA.1_NK","4","-25.0735768283541","-32.8282553670883","37.2654140946862","4.5937754285578","2","0.876728179730255"
"AAATCATGGGACTT.1_NK","4","-24.557448286458","-33.3867176302943","37.0197541528508","5.19104214773852","2","0.859776428381852"
"AAATCCCTACAGCT.1_NK","4","-29.5199543459206","-28.9681466343493","40.1690100999685","3.56796067395488","2","0.911176285771661"
"AAATCCCTACCTTT.1_NK","4","-27.5329193558674","-32.1378760614007","39.280373165093","3.77710945459793","2","0.903842322507401"
"AAATCCCTATTGGC.1_NK","4","-24.1472681867186","-33.2327493473971","36.5834226777107","5.32007760857957","2","0.854576821435"
"AAATCCCTCATGAC.1_NK","4","-24.0024907731225","-29.0104545819167","34.9127845290029","4.71940010393192","2","0.864823153821736"
"AAATCCCTCGTGAT.1_NK","4","-24.6928402307213","-33.5494950844114","37.2101005866853","5.23875396662569","2","0.859211507520078"
"AAATCCCTCTCGCT.1_NK","4","-26.5153116054506","-32.6870839698419","38.5377883787275","4.11706946149684","2","0.893167988234389"
"AAATCCCTCTGACA.1_NK","4","-24.1635702383825","-30.3818803581659","35.5154966992596","4.3825378305861","2","0.876602096608789"
"AAATCCCTTCACCC.1_NK","4","-30.3159117552735","-26.9805298503786","40.4528340113778","4.58284465293978","2","0.886711406878173"
"AAATCCCTTCAGAC.1_NK","4","-28.2611394787956","-30.5142942772349","39.4195612141198","3.31303319643639","2","0.915954589691128"
"AAATCTGAACGACT.1_NK","4","-29.7830875778128","-30.9655252888578","41.003599336964","3.8256527637453","2","0.906699586728803"
"AAATCTGATACTCT.1_NK","4","-31.0634345320397","-28.3231527894987","41.4910827407923","4.34192915498471","2","0.895352715133753"
"AAATCTGATCCTCG.1_NK","4","-28.3807094477329","-31.5482108638018","39.8693324286529","3.61995850378737","2","0.909204436511061"
"AAACATACCAGTCA.1_N","5","38.211554413226","1.79888866173372","35.3299807662979","4.60268721736419","2","0.86972290622488"
"AAACATACGGTATC.1_N","5","39.9234503536379","1.92008334485151","36.8209669749236","3.93997789005864","2","0.892996349260955"
"AAACATACTCCGAA.1_N","5","41.3275370840058","0.786949376790924","37.4229043223831","4.69530558572504","2","0.874533907222248"
"AAACATACTGATGC.1_N","5","41.7415277979782","5.07426282938361","40.0903643020881","3.2383341209394","2","0.919224128358177"
"AAACATACTGCACA.1_N","5","41.023838132685","9.19026402842673","41.6604983447198","4.94835341098641","3","0.881221934263934"
"AAACATTGAAAACG.1_N","5","42.3424499976484","6.66826139293776","41.5107614150014","3.73384239441654","2","0.910051218837263"
"AAACATTGCAGCTA.1_N","5","38.8067640365593","7.12385398408182","39.0259505609526","4.11158730015405","2","0.894644787864107"
"AAACATTGCTTGAG.1_N","5","41.0523059314347","3.20768160170288","38.4684450888761","3.35907851093263","2","0.912679639034748"
"AAACATTGGAATCC.1_N","5","41.8638231454467","9.20129033638177","42.3856725084873","5.06306770919907","3","0.880547661283769"
"AAACATTGGCCTTC.1_N","5","43.8269628556058","2.61936305825457","40.5019260448188","4.66545542935764","2","0.884809047742695"
"AAACATTGGTGCTA.1_N","5","43.5498071424536","3.97505344504171","40.9765946935014","4.08469340866893","2","0.900316426017784"
"AAACCGTGATAAGG.1_N","5","37.8913017239467","1.73534990481533","35.0302470836511","4.81992610318855","2","0.862406734052469"
"AAACCGTGCACCAA.1_N","5","39.7979802171723","2.65911998259607","37.122928864754","3.62349487898225","2","0.90239199896691"
"AAACCGTGGCATAC.1_N","5","41.0008336480672","1.36938873338962","37.4402056275772","4.23373631231523","2","0.886920057159173"
"AAACCGTGGCTTCC.1_N","5","42.6926279423699","5.1968561758759","40.9389325045283","3.56717579919535","2","0.912865930277962"
"AAACCGTGGGTTCA.1_N","5","38.4109666517795","6.90849831997123","38.5854330759083","4.21947472867191","2","0.890645914991519"
"AAACCGTGGTAGGG.1_N","5","40.2628277762554","-0.289607630123863","35.9653508879518","5.52235829086523","2","0.846453373746586"
"AAACCGTGGTGCTA.1_N","5","41.9237632267007","8.60235513052183","42.3653171180232","4.61725991098944","2","0.891013210213287"
"AAACCGTGGTTGTG.1_N","5","43.3265530013787","6.09551619552062","41.9717918078333","4.02908654508661","2","0.904004895394181"
"AAACCGTGTGCAGT.1_N","5","41.9149718290577","8.50088359009031","42.2947114770636","4.54427843415615","2","0.892556816787354"
"AAACGCACAAACAG.1_N","5","39.6947539903156","4.86340886105218","38.3135685216836","3.26476485595834","2","0.914788285666718"
"AAACGCACAACGAA.1_N","5","40.424262859551","5.40126113890451","39.2186091787421","3.18033165134378","2","0.918907587037338"
"AAACGCACAGATCC.1_N","5","39.6142164099279","3.4034655865476","37.3928876551257","3.43575621927227","2","0.908117387163029"
"AAACGCACCATTTC.1_N","5","40.3929200187537","8.66618478856577","41.2305115602255","4.56714003391657","2","0.889229120350706"
"AAACGCACGACTAC.1_N","5","43.4487224464172","7.88096020723102","43.1211817250826","4.78685830051916","2","0.888990558490776"
"AAACGCACGTGCAT.1_N","5","39.5575608723106","0.913924879379608","35.9745245770986","4.62973933948051","2","0.871305058401583"
"AAACGCACTCTCTA.1_N","5","39.7073000161701","7.66604860650873","40.0625691891718","4.06145714095761","2","0.898622149723354"
"AAACGCTGACACGT.1_N","5","41.0168669374051","7.89304883874932","41.21555119945","4.03440818192866","2","0.902114418841437"
"AAACGCTGACCTGA.1_N","5","38.5337511249857","1.16760432854491","35.2482947501506","4.80655325587417","2","0.86363728259922"
"AAACGCTGATAAGG.1_N","5","42.8949090874975","4.56829422143726","40.7531066475582","3.64912583413875","2","0.91045772618767"
"AAACGCTGCCAACA.1_N","5","39.0356445984666","0.299061710332983","35.2088929328953","5.24145694449097","2","0.851132583052791"
"AAACGCTGCTACGA.1_N","5","38.345587037592","2.818925960086","36.0217892646297","4.10889118077722","2","0.885933173652431"
"AAACGCTGGACTAC.1_N","5","39.0077872115658","8.03242614188009","39.769410484627","4.50881330524903","2","0.886626096532361"
"AAACGCTGGGTATC.1_N","5","42.0895558100953","1.46615122213388","38.4223475174355","4.41139187977316","2","0.885186820566564"
"AAACGCTGGTACGT.1_N","5","44.1663569947494","6.03324481593919","42.624980985725","4.56412828800081","2","0.892923628762924"
"AAACGGCTAGCTCA.1_N","5","37.8885319743391","2.29559130520378","35.3473933810918","4.56162852844787","2","0.870948658667204"
"AAACGGCTAGGGTG.1_N","5","41.5153648714159","6.82879616528649","40.9479517267027","3.57707197159623","2","0.91264344562408"
"AAACGGCTATGTGC.1_N","5","40.7408115634538","4.17921535681484","38.7586392353477","3.15026424206465","2","0.918720979265144"
"AAACGGCTCGGAGA.1_N","5","41.951662627482","2.77993010414838","38.9894748819839","3.68201404088986","2","0.905563897640714"
"AAACGGCTCTAGTG.1_N","5","43.3792606875565","6.8360390759017","42.4447622573315","4.27658267166823","2","0.899243571073848"
"AAACGGCTTAGCGT.1_N","5","42.8489945301896","6.9668791747834","42.0947955513526","4.04954568818933","2","0.903799373885801"
"AAACGGCTTGAACC.1_N","5","42.7458423462739","3.86297917254619","40.2410696542161","3.66051830786408","2","0.909035263244287"
"AAACTTGAAGTGCT.1_N","5","38.2454122937896","6.78790379486634","38.3814832897196","4.2663766875506","2","0.888842839779114"
"AAACTTGACACTTT.1_N","5","40.6165230910248","8.12162125066652","41.0513017203629","4.1779412609506","2","0.898226339096131"
"AAACTTGACCGCTT.1_N","5","43.3331184402531","8.22674845889155","43.2383427450981","4.92213451186618","2","0.886162738917088"
"AAACTTGACGGGAA.1_N","5","43.1863751755684","2.46109685244848","39.8717305302275","4.34389913831244","2","0.891053157699808"
"AAACTTGACTCCCA.1_N","5","41.7683064269833","4.74393412487076","39.9226787487532","3.23708210079866","2","0.918916209977525"
"AAACTTGAGGTGTT.1_N","5","41.0199486706512","0.343093648424883","36.9350489605497","5.00236782051607","2","0.86456311927841"
"AAACTTGAGTTCAG.1_N","5","39.547895277766","0.238694295245732","35.6150537359086","5.15432155755662","2","0.85527688387678"
"AAACTTGATCCGAA.1_N","5","41.050797888586","2.07072922516686","37.8508575854231","3.82450218434042","2","0.89895863850088"
"AAACTTGATCCTTA.1_N","5","40.8145417814224","1.61538932795618","37.4100788438391","4.06199258756526","2","0.891419833555518"
"AAACTTGATGACAC.1_N","5","42.79470917167","8.3762467272813","42.9047660547873","4.75370791261126","2","0.889203266915825"
"AAAGACGAACGACT.1_N","5","37.5675463958338","3.50247177832067","35.7993847698241","4.41367936155366","2","0.876710748245204"
"AAAGACGAAGCGGA.1_N","5","39.5236882716897","8.98790446345143","40.4700019656125","4.99397225931472","3","0.876600642037079"
"AAAGACGACCCACT.1_N","5","37.5634554258821","4.55522099011676","36.4397116526683","4.31322718136655","2","0.881633882768369"
"AAAGACGACTAGAC.1_N","5","42.7692326877067","8.64424123999277","43.050428081247","4.92520115104756","2","0.885594606823596"
"AAAGACGACTGTAG.1_N","5","41.2066255412862","9.65868458991879","41.5906191903443","5.35580955741504","3","0.871225539275971"
"AAAGACGATCCTAT.1_N","5","38.2700261552534","7.57342435197956","38.9130287569339","4.60628626836331","2","0.881626118153485"
"AAAGAGACAGTCTG.1_N","5","39.24967132297","4.06692264351673","37.4831808624221","3.43443367023323","2","0.908374006922226"
"AAAGAGACCCTCCA.1_N","5","41.8611910044221","2.16342286145682","38.5867453849002","3.93494614941382","2","0.898023372788687"
"AAAGAGACCTCTAT.1_N","5","42.6277602150629","1.79174245375715","39.0503980173451","4.41581287980515","2","0.886920156925321"
"AAAGAGACCTGGTA.1_N","5","43.9714891087469","5.99080399678955","42.4405697311676","4.41616881385997","2","0.895944638777627"
"AAAGAGACCTTACT.1_N","5","38.0526970949243","2.04795031563111","35.3400251819221","4.56950154456484","2","0.870698973160259"
"AAAGAGACTCCTCG.1_N","5","39.0474282053672","7.2738225038374","39.3061734414621","4.07701823207269","2","0.896275371650092"
"AAAGAGACTTCCGC.1_N","5","40.7252213965191","9.32307897337482","41.3359485124595","5.05975968218546","3","0.87759420397332"
"AAAGATCTCAGTTG.1_N","5","38.7353213668955","0.880652699635899","35.2622038687913","4.91133847669829","2","0.860719469067416"
"AAAGATCTGCCTTC.1_N","5","40.5423690213192","3.54178490011139","38.2330423643465","3.25947256071899","2","0.914747235397658"
"AAAGATCTTTTACC.1_N","5","40.136041845432","4.32972322252024","38.3534907452794","3.1830504120811","2","0.917007543505727"
"AAAGATCTTTTGCT.1_N","5","41.4501111337045","5.31304413220519","39.9921762485859","3.20363429485214","2","0.919893474290101"
"AAAGCAGAACGACT.1_N","5","41.8429885253973","7.08853364609147","41.3654651293164","3.74382750158646","2","0.909493886025879"
"AAAGCAGAACGTTG.1_N","5","40.3905054243776","6.71168903069627","39.9896204048358","3.50311660265363","2","0.912399353452477"
"AAAGCAGAAGAACA.1_N","5","37.2619256821868","3.47313208460925","35.5386986468424","4.63636230354994","2","0.86954045927166"
"AAAGCAGACTACGA.1_N","5","40.8106475194305","7.79962648388052","40.9968844757869","3.97840346994037","2","0.902958394989989"
"AAAGCAGAGCTAAC.1_N","5","37.6329546172699","5.73573728952207","37.2369821806","4.36466512638685","2","0.882786819156876"
"AAAGCAGATATGGC.1_N","5","41.3309424229162","3.53877252116699","38.8833289135342","3.30300246590514","2","0.915053506008961"
"AAAGCAGATCCTTA.1_N","5","40.0119181343133","0.644679124566095","36.2209055626282","4.75833727050358","2","0.868630085399822"
"AAAGCAGATCTTTG.1_N","5","38.3065042221263","5.27980193045327","37.4706953594339","3.87608316761786","2","0.896556945889663"
"AAAGCAGATTCGCC.1_N","5","43.2229864422064","3.26960189304642","40.324548534711","4.05117771490624","2","0.899535695696158"
"AAAGCCTGAACCAC.1_N","5","38.9576630181042","8.49832196170804","40.039151530115","4.83380560822117","2","0.879273025938487"
"AAAGCCTGACGGTT.1_N","5","39.936940580586","2.90664255430927","37.3762837117919","3.50639694625105","2","0.90618658148871"
"AAAGCCTGAGAGGC.1_N","5","39.2861821807307","0.755612660815184","35.6610121902046","4.81065853812492","2","0.865100336679554"
"AAAGCCTGATTCCT.1_N","5","37.7010343345742","6.30288036895802","37.6536188048178","4.45029185516238","2","0.881809717195284"
"AAAGCCTGCTCAGA.1_N","5","39.3418132578958","1.46323918072492","36.0857556819265","4.32474174899561","2","0.880153770725615"
"AAAGCCTGCTCCAC.1_N","5","39.7570376859501","6.32355195512588","39.2530593499276","3.48635571581494","2","0.911182573446435"
"AAAGCCTGCTGTCC.1_N","5","38.6031820263185","2.80728005698567","36.2248379297717","3.98305123015706","2","0.890046403026594"
"AAAGCCTGGAACCT.1_N","5","44.2454940919554","3.62043703129099","41.3770791132125","4.64075318644116","2","0.887842416963664"
"AAAGGCCTAAGTGA.1_N","5","40.4924791752556","5.982939520857","39.6233044991267","3.277936535339","2","0.917272509782437"
"AAAGGCCTACGGGA.1_N","5","38.8779294926158","4.47309617348253","37.4274265308623","3.55520624111774","2","0.905010668094261"
"AAAGGCCTATCTCT.1_N","5","39.0316172938235","5.23865162606995","38.0141528824094","3.51533818953365","2","0.90752554185785"
"AAAGGCCTGACACT.1_N","5","42.9912478031669","4.4733749259431","40.7806316086856","3.70296607247165","2","0.909197922484286"
"AAAGGCCTGGCAAG.1_N","5","40.7831920355735","1.88420857922395","37.5255408523422","3.90432618084019","2","0.895955498784063"
"AAAGTTTGACACAC.1_N","5","42.4668934697759","8.25860152502032","42.5746877778052","4.54927318317912","2","0.893146058829098"
"AAAGTTTGCTCCCA.1_N","5","38.7949650914632","1.26789505597963","35.5214606944993","4.62941283434293","2","0.869672790931713"
"AAAGTTTGTATGCG.1_N","5","43.2428372859995","5.20537959562859","41.3969406549384","3.84748146374458","2","0.907058797030075"
"AAAGTTTGTCTACT.1_N","5","43.389228675861","3.56433547156948","40.6215270487393","4.06634260479766","2","0.89989685518423"
"AAAGTTTGTTGCAG.1_N","5","41.6320276305891","7.42792914871262","41.4064711314329","3.85434987364733","2","0.906914311499456"
"AAATACTGACCAGT.1_N","5","40.3383451428286","8.62633083848346","41.1632088870593","4.54482838309716","2","0.889590036686233"
"AAATACTGAGTCTG.1_N","5","42.8031410585915","3.48604629832551","40.0853086180527","3.7718195958706","2","0.905905187563607"
"AAATACTGCGTACA.1_N","5","42.7592945837211","1.9797402400717","39.2590870462723","4.36846426817326","2","0.88872730883873"
"AAATACTGGCGAGA.1_N","5","43.7842941531134","7.53614907521543","43.1840566644809","4.81555730815924","2","0.888487611398489"
