"","Belonging_Cluster","xChoord","yChoord","extraScore","intraScore","neighbor","silhouetteValue","originSet"
"TATAAGACAACTGC.1_B",4,10.1367325539834,5.43218626570093,15.9891886380873,4.29134224879514,6,0.731609755446073,"1"
"GCTCACTGCTGGAT.1_B",4,7.48686115897844,9.3572255011286,18.0465034432386,3.91420585090215,9,0.783104474325819,"1"
"GTCTAGGAGAGGCA.1_B",4,8.54419558257887,13.454542069876,16.8601012993429,5.70951439365739,9,0.661359425291241,"1"
"CGACTCACCCTATT.1_B",4,7.07429765223299,6.72731842345845,17.8499096177437,4.30109930883688,1,0.759040835447067,"1"
"GTCCACTGTGGTTG.1_B",4,10.3156632042838,5.61948917454238,16.0947366791775,4.23148508274198,6,0.737088890170136,"1"
"CCATCGTGCAAGCT.1_B",4,10.3550232259571,7.63530194828505,16.3154701677568,3.65178676426283,3,0.77617643091404,"1"
"CATTTGTGTTTCGT.1_B",4,8.04971725407429,9.01966596651035,18.62329538785,3.62650939127379,9,0.805270264163895,"1"
"AAGTCCGACTTGCC.1_B",4,10.2505401525843,8.06302713279917,16.4587839538356,3.59247234953588,3,0.781729175155819,"1"
"AGTGTTCTCATCAG.1_B",4,8.61641910648591,14.5525013234445,16.5438903007132,6.62658141643862,9,0.599454463491397,"1"
"GGCAAGGACGCATA.1_B",4,11.076976328221,9.1452695513437,15.8514221645535,4.06725776014193,3,0.743413700176567,"1"
"AAGACAGAAATCGC.1_B",4,7.87003369339178,11.2403042852884,17.3063922970434,4.47778869680217,9,0.741263885624091,"1"
"GAGTGACTTTGGCA.1_B",4,11.5646040676866,7.30697162402127,15.1528708819031,4.27591616162144,3,0.717814782759872,"1"
"ATTACCTGGGATCT.1_B",4,11.3779684795204,2.28181463226176,12.6725335432899,6.8587111541333,6,0.458773485925,"1"
"TTTCTACTGCTGAT.1_B",4,8.94128789076005,12.4143191630085,17.578937193828,4.96986515330483,9,0.717282956386592,"1"
"CTGGATGACTCGAA.1_B",4,8.41574197538509,13.4749944643117,16.7510967334423,5.74019641743365,9,0.657324143679872,"1"
"GAAGGGTGTACGCA.1_B",4,9.94066860670345,10.8027397648483,17.2911642318281,4.18393047911692,3,0.758030724650947,"1"
"TATACCACCCTCCA.1_B",4,8.59313011537247,14.502466467331,16.5405588547695,6.58182113900652,9,0.60207988153262,"1"
"ACGGAGGAATACCG.1_B",4,11.0203625399287,5.52186987044901,15.6338134427269,4.52374403671347,3,0.710643596120306,"1"
"CTGGAAACACGTTG.1_B",4,9.00992602150374,5.95622810317436,16.904642252649,3.99697146037262,6,0.763557761197443,"1"
"GAGTCTGAAAGTGA.1_B",4,8.6217256708432,13.7471085655512,16.815608186064,5.93541576603462,9,0.647029372927849,"1"
"GTTAAATGCTGTTT.1_B",4,11.3238103947134,4.47087431677589,14.6971489306271,5.22308592638579,6,0.644619105988543,"1"
"GGACAGGACGTTAG.1_B",4,10.5057380040359,3.72757049420415,14.3093752484134,5.46870240451914,6,0.617823817631346,"1"
"CATTTGTGTATGCG.1_B",4,8.56372635788392,14.440754044735,16.5361610610243,6.52837584542369,9,0.60520608009733,"1"
"CTGGATGACCGAAT.1_B",4,10.3754591300548,5.36336817319415,15.8395616415139,4.37649087094852,6,0.723698738008117,"1"
"GCGTAAACTTGACG.1_B",4,10.0292204526707,10.330516648548,17.0851705565351,3.99954101827779,3,0.765905701377505,"1"
"CCACTTCTTCGTTT.1_B",4,9.51953270359731,8.75549266344686,17.2407957872828,3.45818013896292,3,0.799418763401063,"1"
"GTTCAGGATACAGC.1_B",4,11.1842747823585,7.70248222571574,15.5431458872078,4.01418810890084,3,0.741739018726925,"1"
"CTAGATCTCCTTGC.1_B",4,6.92775439735269,8.19108252871687,18.384057881693,4.10474248282971,9,0.776722717626056,"1"
"GCCCAGGAGGAAAT.1_B",4,7.84371134886921,13.3828069375823,16.3373210610241,5.80537967540499,9,0.644655347488097,"1"
"ATCTACTGACGCTA.1_B",4,8.60636971590806,13.2622278863275,16.9812476852959,5.56361071672346,9,0.67236737724867,"1"
"TCCCGATGTCACGA.1_B",4,8.65118649060122,10.2241209897347,18.3381132742542,3.83855127281303,3,0.790679051033992,"1"
"ACGTCCTGTTCATC.1_B",4,8.34833358689482,8.07884567383643,18.2543313726655,3.50467485493921,3,0.808008588022719,"1"
"ACGAAGCTTCCAGA.1_B",4,8.33265294883456,9.8717182548888,18.3445930361225,3.76101493417095,9,0.794979647312693,"1"
"CTATGACTACCTTT.1_B",4,8.06149560670504,8.09378982793736,18.5274256970236,3.57957300591748,3,0.806795986422845,"1"
"AGCCTCACAACCAC.1_B",4,9.42570197186617,5.86956220836824,16.6573446932527,4.01132346203508,6,0.759185900519912,"1"
"GGAGGATGTAGTCG.1_B",4,10.1326245381368,9.30536206152035,16.7621288440276,3.69144020972821,3,0.779774977028441,"1"
"TAAGATACTTCACT.1_B",4,9.59875067517553,5.82452464580111,16.5485461655235,4.036016810235,6,0.756110490319479,"1"
"CGACTCTGTGAGAA.1_B",4,10.6905819917616,8.57334004710354,16.1146900521757,3.78468846346932,3,0.765140474237149,"1"
"CGTTAACTCTATTC.1_B",4,8.51750076713565,14.6452736917683,16.4348035040566,6.72025773312856,9,0.59109594882167,"1"
"ATTCAAGAGCTACA.1_B",4,8.12503205678236,9.09793688456638,18.6077705749351,3.61635568637672,3,0.805653467629916,"1"
"GGCCACGAGACGTT.1_B",4,11.2410927465613,2.80282542072688,13.1953713502388,6.38572539080212,6,0.516063229953241,"1"
"TATACAGACGTGTA.1_B",4,10.5551897492854,4.55562360407957,15.0388793627734,4.90038620654622,6,0.674152169963114,"1"
"CCATCGTGGTCTAG.1_B",4,8.57874294741465,13.5230279338942,16.8621725630417,5.75926428090076,9,0.658450637996445,"1"
"ATAAACACTCTGGA.1_B",4,9.91444431635415,8.8943338339399,16.8926242699243,3.54803421087004,3,0.789965481136819,"1"
"CAATCTACTTTGTC.1_B",4,10.537656003798,5.98069633106746,16.0743935818495,4.13360766286406,3,0.742845187794112,"1"
"ATAGCCGATTCAGG.1_B",4,9.4069483660099,9.16251178421543,17.4144291095258,3.50879262541305,3,0.798512336904934,"1"
"CGGGCATGAACGAA.1_B",4,8.35051991582852,11.5966207281707,17.4902726875122,4.54150887091375,9,0.74034087678025,"1"
"CTAGTTACGCTTAG.1_B",4,11.2247346772353,6.50752265805572,15.4336242454375,4.25117702856807,3,0.724550956990883,"1"
"GATATCCTGCTTCC.1_B",4,7.80610004267681,8.06318026103776,18.7658571413698,3.67231558915302,3,0.804308667518452,"1"
"ACCCAAGAACAGTC.1_B",4,12.0068814705457,0.614273788188046,10.9301468647702,8.55334027158748,6,0.21745422294769,"1"
"TTCAGTACTCCGAA.1_B",4,9.08027097148261,7.93670585555404,17.547010525348,3.42709433637503,3,0.804690700366063,"1"
"AACCGCCTTGCACA.1_B",4,9.10058913559318,11.7492857045805,17.9857851817051,4.56543499818922,9,0.74616426516463,"1"
"GTATGGTGCCTATT.1_B",4,9.34231296051884,8.97963670224265,17.4434317695553,3.47013253728229,3,0.801063656330582,"1"
"AAGCCTGATGATGC.1_B",4,10.4981049560075,6.22708591883566,16.1112197827164,4.02618045892962,3,0.750100829531928,"1"
"AAGGTCTGGGACAG.1_B",4,10.4071003955823,5.16815971912787,15.6501806896176,4.49282050793148,6,0.712922131888737,"1"
"AGACTTCTCTAGCA.1_B",4,10.7438540988676,7.24316611336773,15.9182563986512,3.85117693863323,3,0.758065403509925,"1"
"ACTTGGGAGTGTTG.1_B",4,7.21189013887054,5.78745383461469,17.2039485712113,4.64433900549446,1,0.730042264061044,"1"
"ATAGATTGCTCGCT.1_B",4,8.77143155445274,12.2102602199984,17.5342767265298,4.84503015475721,9,0.723682349131256,"1"
"CGATACGAGTAGGG.1_B",4,6.28570682178847,7.98877793071754,18.1123211943784,4.53468889709916,9,0.749635132436442,"1"
"CGCCATACTGAGCT.1_B",4,10.034764950306,8.38350374924679,16.7023803105543,3.53270086348834,3,0.788491173245767,"1"
"AACCACGATTTACC.1_B",4,9.03926042379579,7.13235253407708,17.5177792883618,3.56616185889375,3,0.796426145107161,"1"
"ACGGTAACGAAACA.1_B",4,7.50747645170118,7.77258468590834,18.9212426227294,3.82970413499828,1,0.797597641372782,"1"
"GTATTAGAACTAGC.1_B",4,11.740487324069,1.34173899139489,11.686976182171,7.80094851735574,6,0.332509248264197,"1"
"CACTGCACTAGAAG.1_B",4,8.0966302278044,8.74447461569759,18.5790094455324,3.58035525052813,3,0.807290304629826,"1"
"GCCAACCTCGAACT.1_B",4,9.97324994738431,3.88481381125903,14.6656397110919,5.28818547433002,6,0.639416651540235,"1"
"GGATGTACTTTGTC.1_B",4,10.145400498158,3.94631110168344,14.6490233636877,5.25358568145515,6,0.641369560889782,"1"
"CAGTGTGAAGAATG.1_B",4,10.2049836158293,7.24868641052597,16.4255070080036,3.66371813339079,3,0.776949464536736,"1"
"TTACTCGACTACCC.1_B",4,6.87416983066322,5.77058090730466,16.9894854886817,4.8298377860483,1,0.71571606513535,"1"
"CCCTGAACACGGTT.1_B",4,6.43140636764551,8.07383564243208,18.1470651107976,4.42708233330406,9,0.756044169882328,"1"
"ACTCTCCTACACTG.1_B",4,10.9098505422389,7.5479140834188,15.7862018546202,3.8844668179801,3,0.753932779160352,"1"
"ATACACCTTCCCGT.1_B",4,8.79614063784105,5.67970754660993,16.7520843079047,4.17215661343842,6,0.750947014308558,"1"
"GGAACTACGCCATA.1_B",4,7.2194168589025,7.25438938737498,18.3479150267007,4.06766706863666,1,0.778303580394982,"1"
"TGACTTACAAGGTA.1_B",4,6.77358104690308,9.05092785008138,17.7531369683612,4.25054283147209,9,0.760575111933896,"1"
"TTCCAAACCCTATT.1_B",4,9.48128310419415,6.20805544845136,16.9394084392023,3.86161502464171,6,0.772033655218744,"1"
"TTTCGAACACCCAA.1_B",4,7.40635832558191,7.13966415482086,18.3641506305972,4.00340687775458,1,0.781998799820104,"1"
"ATTAAGACTCCGTC.1_B",4,8.41265811677925,14.2110846138283,16.4888480591472,6.34324531525269,9,0.615300881389723,"1"
"AATGTAACGAGGGT.1_B",4,11.8205918060319,1.10813485229567,11.4459163074305,8.03727524862584,6,0.297804122208354,"1"
"GTGATTCTCTGCAA.1_B",4,7.7904484763003,9.54458879428879,18.146836662233,3.82879428979235,9,0.78901037348505,"1"
"CAGTTACTTGCCCT.1_B",4,10.104601343097,9.09643139943496,16.7495279990777,3.63567947862914,3,0.782938392124881,"1"
"CAAGCATGCGGAGA.1_B",4,8.59749094951487,9.77256722075614,18.2897380253543,3.68041334078709,3,0.798771675368718,"1"
"GCTCAGCTACGGGA.1_B",4,11.0228131359896,4.10190437169591,14.4578319877692,5.33388700005438,6,0.631072832734076,"1"
"AGCATCGATCCCGT.1_B",4,10.0663224128761,11.1477413514154,17.2749299975605,4.39092428599749,3,0.745821008443011,"1"
"TATGCGGATTCTGT.1_B",4,8.96408888722475,6.71733556189776,17.5680340098382,3.69292616094396,3,0.789792861348294,"1"
"CAGGTATGCTAGCA.1_B",4,10.8834664013444,3.98717994544015,14.4023708069762,5.36722033781897,6,0.627337720313436,"1"
"CTATGTACCTCCCA.1_B",4,10.9170735379856,4.10635773415867,14.4990624593635,5.29476323790879,6,0.634820302847275,"1"
"AGCAAGCTCATACG.1_B",4,10.3747944454409,6.29931259963551,16.2276764516623,3.96345744849965,3,0.755759399054715,"1"
"GGCGCATGTCCTTA.1_B",4,7.47899250037312,6.29009227254295,17.7482379073047,4.27579599229729,1,0.759086168743688,"1"
"GTTCATACCAGAAA.1_B",4,7.99386573846346,6.89373638506075,18.1689732445441,3.84333340759626,6,0.788467220691716,"1"
"TTGAACCTCTGGTA.1_B",4,8.17730617616971,8.19392476984915,18.4294338777205,3.54052458740262,3,0.807887501542693,"1"
"AGCTTACTTTTGTC.1_B",4,8.93341884763722,9.67371895699637,17.9553266331448,3.62299796723841,3,0.798221550559237,"1"
"GAGGCCACACGGAG.1_B",4,8.75835676723629,12.608238964657,17.3577062211143,5.10060550296271,9,0.7061474921866,"1"
"GCTACCTGGTGAGG.1_B",4,9.49048006756944,11.392492389534,17.8743799939045,4.39583145446862,3,0.754070828976017,"1"
"CCAAGTGATTTCAC.1_B",4,8.98167031617992,7.8735574319694,17.6334686460457,3.43615847286342,3,0.805134285157562,"1"
"ACTCGAGACCAACA.1_B",4,11.3480797642429,2.39446564410266,12.7856424235559,6.7528675183701,6,0.471839795399813,"1"
"GGCGGACTAAGTAG.1_B",4,7.55805316720267,10.3968568286971,17.5166757254636,4.21068645377555,9,0.759618404783587,"1"
"ATCGACGAGGGAGT.1_B",4,6.81462330600972,6.69690936313733,17.678257237813,4.46148572827739,1,0.747628645275368,"1"
"GTTATCTGAGCTAC.1_B",4,11.3112426993901,2.44353818455291,12.8437729909093,6.70033673865615,6,0.478320214519627,"1"
"TCGCACACTTCCGC.1_B",4,11.0387940830292,3.40486268682877,13.8161876883454,5.84898377049157,6,0.576657186307228,"1"
"TTGGAGTGCTCAAG.1_B",4,8.54653523358876,9.42526452863092,18.2693004160447,3.59108763357207,3,0.803435952565635,"1"
"CTGGAAACTTCGGA.1_B",4,8.7968911683731,12.8786953817239,17.2789710611962,5.28335384150244,9,0.694232149426571,"1"
"GCCATCACACTGTG.1_S",9,-8.38821439695698,22.4753746584283,16.4179916363479,5.69064404171499,8,0.653389758762184,"1"
"GGCTAAACAAGGGC.1_S",9,-9.79760052149654,20.4816196796631,18.710015633111,5.88052706598401,8,0.685701648716034,"1"
"ACGCCGGAGATACC.1_S",3,21.5186973303558,9.85027245611451,13.0054407634149,7.09780537915505,4,0.454243381037759,"1"
"AATCCTACGTTGCA.1_S",9,-7.52202428069474,22.0498507540656,15.9762144900881,5.35223131458427,8,0.664987515164818,"1"
"CACTCCGAAAAGTG.1_S",6,-3.9778702336749,16.0461981917604,7.26884290381931,32.4666075020442,9,-0.776113260267133,"1"
"GTACAGTGCACTAG.1_S",9,-11.0222436879311,20.5060421995621,19.6771624235422,6.65091572006899,8,0.661998230389577,"1"
"GCCATGCTACACAC.1_S",4,-2.36869725712463,17.2240510911617,7.17107958336193,14.9116871210525,9,-0.519096697432867,"1"
"TTGTAGCTTGAGGG.1_S",9,-3.17040569862778,19.6536826383009,14.7478436202485,6.08530925275838,8,0.587376337215606,"1"
"GCTCCATGCTAGCA.1_S",9,-4.93879880620121,16.7500916798388,16.6501327201317,6.6989649471805,4,0.597662970032619,"1"
"GACTGAACCCTATT.1_S",3,22.1079304090454,8.49156741807874,13.4759935572067,6.20312637507188,4,0.539690609917623,"1"
"GGTGATACAGGGTG.1_S",9,-9.76802238796577,20.3407219045592,18.771767655431,5.87591188608881,8,0.686981429029738,"1"
"ATTTGCACAATCGC.1_S",9,-10.011476437749,19.5586317901626,19.4428118559427,6.16778201687361,8,0.682773147085285,"1"
"GCACCACTGAATAG.1_S",9,-8.07566580952149,22.3203754196461,16.2542110415336,5.53659633750692,8,0.659374649230311,"1"
"TCACATACAGTTCG.1_S",9,-4.3394016552821,16.264121172533,15.9076406552276,7.10994746897054,4,0.553048272646638,"1"
"GTGAACACGGAGTG.1_S",9,-2.79255477209622,19.2016672605613,14.9178067086064,6.30537838318319,8,0.577325373203456,"1"
"TCTAGTTGTCTCAT.1_S",9,-2.31990821372892,20.352697579696,13.7125050416432,6.64919165217121,8,0.515100148953206,"1"
"AGGTTGTGATGCCA.1_S",9,-9.99853440540808,19.6343437574187,19.3855675051952,6.13689590589343,8,0.683429649183663,"1"
"AGCCGTCTCACTCC.1_S",4,10.3834553740795,10.207382428898,16.7272603900537,4.06778760271455,3,0.756816866129895,"1"
"TTACTCGAGTTGCA.1_S",9,-2.81060551655641,17.283068505242,15.157192711044,6.99177231632696,4,0.538715879014156,"1"
"GTCCACACTCCTCG.1_S",9,-3.38345220626495,19.4679895727457,15.0172661371911,5.99658990714396,8,0.600686979083825,"1"
"GTAGCTGATGAACC.1_S",9,-11.5868532236134,20.2526509014603,19.4574184940915,7.13331862391514,5,0.633388230505437,"1"
"CACAATCTCTGTTT.1_S",9,-10.4402972863068,21.2330303358954,18.7916513056815,6.30607305486707,8,0.664421558686518,"1"
"AAATGTTGCAGTTG.1_S",9,-9.15590098207588,22.2443123093708,17.1748527194758,5.88645563535487,8,0.657263108365418,"1"
"AGTCTACTCTGAAC.1_S",9,-8.46996263639789,21.8378702665161,16.8510022273683,5.4521157516306,8,0.676451544064505,"1"
"GGTTGAACGGCAAG.1_S",9,-1.98103654969321,19.5306320544848,14.2290137768038,6.81229141028361,8,0.521239383337374,"1"
"ATGCAGACATCGTG.1_S",9,-7.07395993022126,21.9767725352701,15.6740615604522,5.32975101978993,8,0.659963628493229,"1"
"AGTCACGAACAGTC.1_S",9,-2.54364678083937,18.1791868733739,15.4750190091212,6.70176350642383,4,0.566930192300655,"1"
"TACGCCACCAGGAG.1_S",9,-1.41960276323084,19.3283814843665,14.137878817619,7.24410103415209,8,0.487610473423757,"1"
"AACAAACTTGGTAC.1_S",9,-8.4971095045757,21.7696465412621,16.9127561243136,5.4421450055256,8,0.678222463238736,"1"
"TCGCAAGATAACCG.1_S",9,-2.57512049482343,17.5679219230088,15.1331088745812,6.95613119170047,4,0.540336936094834,"1"
"AGGTCTGACATTGG.1_S",9,-7.81812109281113,21.2637455582093,16.6900294285968,5.21007173855516,8,0.687833280291993,"1"
"TCAGCAGAACGACT.1_S",4,8.72750743050767,14.147978539025,16.7633027373857,6.26683175657013,9,0.626157693698761,"1"
"TTCGAGGAAGCCTA.1_S",9,-11.3648029135834,21.4187211723752,19.4580482088605,7.02874056601119,8,0.63877463502169,"1"
"GCCTACACAAAACG.1_S",9,-6.10674017795742,22.1053960281455,14.8608899305243,5.55038906928835,8,0.62651031699738,"1"
"AGCATCGATCACGA.1_S",9,-2.34253698456511,18.9067424348302,14.9387962883429,6.61933143830904,8,0.556903293240951,"1"
"TTACGTACGTATCG.1_S",9,-7.64174658439788,22.1094745561128,16.0340595655574,5.38301719443475,8,0.664276088508617,"1"
"TTATTCCTGCTTAG.1_S",9,-8.09500108069502,22.5331456131718,16.147459045393,5.6516056968637,8,0.650000307727912,"1"
"TAGTAATGGGTTTG.1_S",9,-10.3594053232274,20.0629743491437,19.4051769819294,6.24626267179683,8,0.678113594242737,"1"
"ATGATATGAAGCCT.1_S",9,-6.76950213013528,22.7697814954696,14.9529953266699,5.74976168800729,8,0.615477597471583,"1"
"GCGAGAGATTCTGT.1_S",9,20.0249298944177,13.2604054057601,10.2152805883647,26.70134442799,3,-0.617424485275865,"1"
"CGCAACCTTGTAGC.1_S",9,-4.30375937346909,16.4745284980628,15.9764124397817,6.97594552356567,4,0.563359699816251,"1"
"ATCCGCACCTCTAT.1_S",9,-2.38952530644426,18.8898799911076,14.9763308269366,6.5920229130471,8,0.559837253248265,"1"
"ACTCCTCTAACAGA.1_S",9,-8.65865254575297,22.3774331664475,16.6933967147206,5.72848975469217,8,0.656840974153531,"1"
"CTTGTATGCTCCCA.1_S",9,-10.9801736449133,20.3100394866708,19.7555653489029,6.63037853285178,8,0.664379205770489,"1"
"TGCAAGACCCTCCA.1_S",9,-9.35212156252466,19.7017047819135,18.8478396926613,5.81237157412621,8,0.691616032982849,"1"
"TGATAAACGGGAGT.1_S",9,-6.64158393929767,21.7433828534431,15.4940346867429,5.31061991602979,8,0.657247448879556,"1"
"CGACAAACGGAGTG.1_S",9,-10.756747474525,20.7333985331865,19.3317844734918,6.46070752097517,8,0.66579869903711,"1"
"CACATACTCCTTAT.1_S",9,-3.002262113114,18.8905928401892,15.2873211212544,6.24865583560976,8,0.59125239889662,"1"
"TAGTACCTTGGAGG.1_S",9,-9.40601492984555,19.298931297568,19.1474614749275,5.97052283727073,8,0.688182015924733,"1"
"ATTCCATGCTCTAT.1_S",9,-9.49851206735249,19.463991730516,19.1108171095625,5.94771409789639,8,0.688777614070708,"1"
"TACTGTTGCTCTCG.1_S",9,-7.90020469942878,21.831936330457,16.4040193318782,5.32158765449412,8,0.675592454091261,"1"
"CAAATTGACAACTG.1_S",9,-11.5592302886792,20.6278035638763,19.7532239049393,7.09119998239347,5,0.641010499525583,"1"
"AAGTAACTCGCATA.1_S",9,-2.43749374292378,17.9560633589098,15.2578423373236,6.85111326585622,4,0.550977581600966,"1"
"TGGTTACTTTCGCC.1_S",9,-8.60140187364829,22.0300725891033,16.8445001392661,5.55948615049037,8,0.669952441181041,"1"
"TGGATGACGGAGTG.1_S",9,-8.86622213113196,22.6402102761208,16.7187048838073,5.95437741193208,8,0.643849361938368,"1"
"GCACACCTGAGGGT.1_S",9,-7.39158418173217,22.3811645713839,15.674547820086,5.49512190213557,8,0.649423896292951,"1"
"TTCAGACTCTCTAT.1_S",3,22.0254174827074,8.96035558495478,13.4136692116325,6.39830249813805,4,0.523001320728162,"1"
"TGACTGGAACAGCT.1_S",9,-7.01301575725074,22.1326513288865,15.5304873052986,5.39460361742022,8,0.652644278870779,"1"
"TTACGACTTCAGTG.1_S",9,-8.55873816881135,22.3664648436559,16.6181508250219,5.68709442245011,8,0.657778143769938,"1"
"GTGCCACTCCATGA.1_S",9,-3.12265196139579,18.9500504954399,15.3011953261869,6.18011888553006,8,0.596102215952159,"1"
"CATTACACCTTAGG.1_S",9,-8.61932481846046,20.8808212149625,17.5453838915062,5.37715104506905,8,0.693529017186557,"1"
"ATTCAGCTCGAACT.1_S",9,20.1220432230175,13.0568838045266,10.0046601238147,26.8450485441596,3,-0.627318233105177,"1"
"CCCGATTGAACCTG.1_S",9,-8.50245882027532,21.5121212451,17.0699398663352,5.39035618090795,8,0.684219380787707,"1"
"ATATGAACTCTCAT.1_S",9,-6.01472498139321,21.0390123488339,15.5069259071379,5.30756025534517,8,0.657729695290406,"1"
"CCAGTCACTCCGAA.1_S",9,-8.59514799537626,20.5443900660975,17.7367419277127,5.3889052547325,8,0.696172765173258,"1"
"AAGTTATGGAGAGC.1_S",9,-6.8811498258764,21.0868267698468,16.1002229386174,5.17648023740823,8,0.678483940430904,"1"
"TCGCACTGCAGTCA.1_S",9,-2.83714815356346,18.534749004691,15.5017413927892,6.42670609071052,8,0.585420377758336,"1"
"AGCAAAGACTAAGC.1_S",9,-7.64077025372895,22.5695915573288,15.761250291114,5.60919330462833,8,0.644114952746437,"1"
"CTGCCAACGGTGGA.1_S",9,-3.21590248743,19.4886489613888,14.9076328091479,6.0653128951644,8,0.593140442026283,"1"
"CGCACGGACATTTC.1_S",3,22.9855955800303,9.77982132732618,14.4005659458355,6.31704188139756,4,0.561333776383672,"1"
"ACTCGCACTGTCTT.1_S",4,9.53690871433975,11.5029202448591,17.8657667855703,4.46387369826208,3,0.750143738478248,"1"
"GCGAAGGATGATGC.1_S",3,21.5295502489891,9.89233583065781,13.0208452889093,7.11155954951637,4,0.453832728081505,"1"
"CCAGAAACAAGGTA.1_S",9,-3.93350308558799,20.3086418664801,14.6695474153511,5.81922190499678,8,0.603312785307392,"1"
"AATATCGATGGTAC.1_S",9,-6.61275542943392,22.6581111744805,14.8982344200043,5.70678808669508,8,0.616948698361706,"1"
"TTCGATTGTTAGGC.1_S",9,-4.71024405300447,19.9157194847508,15.4510072926317,5.57398957994002,8,0.639247495365681,"1"
"ACATCACTATCGGT.1_S",9,-8.23650871156873,20.723911052654,17.3497157586983,5.28163319649869,8,0.695578113788364,"1"
"CACAACGAACGACT.1_S",9,-3.85317795675171,19.6853781387664,15.1108706171837,5.82034531932791,8,0.61482395907029,"1"
"ACGCGGTGGAGACG.1_S",9,-3.41221667095186,20.0201200087991,14.5884955961409,5.99663666900378,8,0.588947562859731,"1"
"GAGCAACTTCAAGC.1_S",3,23.8746833821401,10.1783251057388,15.3001319715333,6.37175320384101,4,0.583549134367206,"1"
"TGTTACACTCCAGA.1_S",9,-10.9377478151137,21.4344481817589,19.0923782062074,6.69274702231032,8,0.649454512684317,"1"
"CTCCTACTGACGAG.1_S",9,-1.81554114841233,20.3310124365583,13.4685974509454,6.99127768408984,8,0.480920139639402,"1"
"CTTTACGATGCACA.1_S",9,-7.02559820931491,21.4223422471844,15.9885961450682,5.19697052072055,8,0.674957671482396,"1"
"AGGCCTCTGAGGGT.1_S",9,-10.8792137411042,20.1784328080146,19.7507544773622,6.57277079357175,8,0.667214191685422,"1"
"GTCCACACAGAAGT.1_S",3,21.623139418454,10.078031509672,13.1336448285871,7.15111543220318,4,0.455511739084202,"1"
"TTTAGCTGGCAAGG.1_S",9,-2.66453504454113,17.8582518047364,15.3742678256557,6.77013628752165,4,0.559644962329585,"1"
"CGCATAGACTGAAC.1_S",9,-2.31420435419891,18.2824814746219,15.3651117427069,6.80250949419366,4,0.557275624928502,"1"
"CAATTCACTTGGCA.1_S",9,-10.8220999658231,22.1242541388856,18.6310723069879,6.83907423617903,8,0.632921062003828,"1"
"CAGCCTACAGTAGA.1_S",4,8.27782967449153,13.6586499897715,16.5743157496429,5.90597643205301,9,0.64366695305776,"1"
"CTGGCACTTGCTTT.1_S",3,22.1273816871284,8.97496161918579,13.5124228189543,6.34151271294863,4,0.530690180590472,"1"
"TGCTATACGACACT.1_S",9,-3.17827245178462,19.0893522970562,15.2154126718668,6.12853998688917,8,0.59721500040411,"1"
"GTAAGCACGAGGTG.1_S",9,-11.1721751697336,20.089077983708,19.6121485131144,6.80840666455378,5,0.652847485832514,"1"
"ACAATAACTAACGC.1_S",3,22.6708283672656,10.4118594149268,14.1779330736816,6.83940436361535,4,0.517602154836567,"1"
"CACCTGACGGACAG.1_S",9,-11.4347811993033,19.6245316907203,19.1011905653823,7.125665251068,5,0.626951774200815,"1"
"ACCAGTGATGCTAG.1_S",9,-3.19484249755047,19.4189763244921,14.9530895681665,6.0791173768479,8,0.593454091936312,"1"
"TGACGAACAGGAGC.1_S",3,22.1107761775068,10.3022961832845,13.6285522901547,7.00785419298749,4,0.485796140060306,"1"
"TGTACTTGCGACTA.1_S",9,-7.26688783020861,21.1620419858552,16.3373403278368,5.16512843006391,8,0.683845208190762,"1"
"CATGGCCTGCTGAT.1_S",9,-4.63439872566955,16.8122519466449,16.4205122839056,6.70096332997111,4,0.591915086806458,"1"
"CAGTTTACCTAAGC.1_S",9,-11.0214157984435,21.3784447668735,19.192313985546,6.74250821639491,8,0.648687061837735,"1"
"ATCGAGTGGCGAGA.1_S",9,-11.5335111811651,20.6700722546007,19.8012865246423,7.06972014174287,5,0.642966625782383,"1"
"TTTCCAGAACCTGA.1_S",9,-7.00441647079172,21.740083405563,15.7696112559771,5.26283045203715,8,0.666267584748331,"1"
"AAGGCTACGCCCTT.1_NK",7,-23.7633070124268,-13.0113389247268,17.6253348415738,4.89543138448094,10,0.722250304548323,"1"
"GCACAAACCATGGT.1_NK",7,-24.6008463056632,-15.1583850885621,19.7380577205023,4.96523350262929,10,0.748443662849775,"1"
"GGCACTCTTGCATG.1_NK",7,-20.3424061227189,-16.9399391539539,18.7107319264459,3.13702319970741,10,0.832340968165253,"1"
"GCCACTACCTATTC.1_NK",7,-20.1403183239205,-15.6234677406771,17.4788013988439,3.12044389557479,10,0.821472661404507,"1"
"CTGACAGATACTCT.1_NK",7,-22.3090794207659,-13.4727255089672,16.984438096376,4.02397839962499,10,0.763078508880221,"1"
"GAGCGAGATGCCCT.1_NK",7,-19.5938613599329,-16.5993263928505,18.0642996366194,3.15714355239867,10,0.825227458805068,"1"
"CTATCCCTCACTAG.1_NK",7,-18.5017371083768,-18.2489819824911,19.0977528686776,3.83337514906723,10,0.799276115078734,"1"
"CTAGAGACGCAAGG.1_NK",7,-23.5175516283777,-12.6344003135038,17.1898079618031,4.97474301889016,10,0.710599267313261,"1"
"CTTTGATGTGACTG.1_NK",7,-18.6615360339388,-20.5895465440427,20.6733595031601,5.15158366222045,1,0.750810522042487,"1"
"AACTTGCTCCTACC.1_NK",7,-20.5472095147145,-16.3460155512044,18.2993334622372,3.07160906117281,10,0.832146396615405,"1"
"CTCCATCTGGACAG.1_NK",7,-23.2123735730513,-14.2542115545353,18.1537249134358,4.13288099398447,10,0.772339780750689,"1"
"AGAGGTCTTTGAGC.1_NK",7,-18.2748450499585,-17.0896389729145,17.9509397391175,3.70651911926738,10,0.793519494069139,"1"
"TCATCAACTGTCTT.1_NK",7,-20.7689122902527,-19.4488497088977,21.1102863397209,4.32627405620781,10,0.795063222422164,"1"
"ATTGCTACTAAGCC.1_NK",7,-20.1673684626273,-18.9611950352387,20.4128932917347,3.93076094231015,10,0.807437344322878,"1"
"CTGAAGTGCGAATC.1_NK",7,-24.3579066797749,-13.6899699371349,18.5171044236348,5.01725129690889,10,0.729047739747852,"1"
"TTTCGAACAAAAGC.1_NK",7,-22.3715323762714,-13.0742052797092,16.7271713080151,4.25898414046296,10,0.745385273933184,"1"
"AGACTTCTGGAAAT.1_NK",6,12.9245010753441,-2.4119284420317,11.6038850661931,7.96654842519102,4,0.313458520164003,"1"
"ACAAATTGAATGCC.1_NK",7,-18.447320039374,-19.5244838141814,19.8394006172303,4.4469713131723,1,0.775851529037114,"1"
"ATTCTGACTCAGAC.1_NK",7,-18.7119691443732,-17.5691627164906,18.5575873964289,3.55636078954662,10,0.80836082225694,"1"
"TTGGTACTCAAAGA.1_NK",7,-17.3054141167792,-19.8205201423982,19.1603819395228,5.11524226209189,1,0.733030255960582,"1"
"GCCATCACCTTCTA.1_NK",7,-21.3307174353132,-13.9642717308012,16.7610380691435,3.62346648608442,10,0.783816105474094,"1"
"GCGGCAACACCTGA.1_NK",7,-18.8975589490837,-20.0577549238568,20.5172280842518,4.69560622526419,1,0.771138371812108,"1"
"CTTAACACACTTTC.1_NK",7,-23.6448686730882,-12.0174016966388,16.8582699390822,5.4586421591365,10,0.676203894061404,"1"
"TGACGAACTGGATC.1_NK",7,-20.0852696158341,-15.5484482290633,17.3872604740634,3.14254204783434,10,0.819261806509307,"1"
"ATGAAGGAATTCCT.1_NK",7,-21.691784577989,-16.0956155651321,18.6903836279776,3.30120955210964,10,0.823373900834862,"1"
"CCTATTGAGGTAAA.1_NK",7,-20.4680008398845,-14.3991353285629,16.6222087009444,3.45067175445428,10,0.792405942162294,"1"
"CGTACCTGCGTAGT.1_NK",7,-18.5352591239045,-16.3774653365304,17.4090718904827,3.57663145875307,10,0.794553582106329,"1"
"GCGAGAGACTGACA.1_NK",7,-19.830238623929,-16.5978962652267,18.1715350469804,3.11245275101377,10,0.828718226447745,"1"
"GCGACTCTTGAACC.1_NK",7,-16.9962761712074,-20.6564616236789,19.4947540697463,5.82828973457001,1,0.701032918203628,"1"
"TATCCTGACGGGAA.1_NK",7,-20.2226900312504,-16.1177035670538,17.9428394717862,3.06364815093774,10,0.829255110053506,"1"
"GACCTCACTGGAGG.1_NK",7,-20.6738700769972,-13.6056932857081,16.0919155818346,3.83399579329855,10,0.76174397797447,"1"
"ACCACGCTTCGCAA.1_NK",7,-18.5770541167973,-19.2665305252111,19.7831651219312,4.25778294075783,1,0.784777465359285,"1"
"GTGTACGAGGTCTA.1_NK",7,-23.1181331855724,-13.3000319689136,17.3882870002472,4.4177269666438,10,0.745936620060332,"1"
"CGCTACACCTTGCC.1_NK",7,-19.5095162044765,-15.9309090392496,17.4398287865528,3.21482033425482,10,0.815662161962642,"1"
"GTGAACACCGTAAC.1_NK",7,-23.4101725492289,-12.8928187172191,17.2960328851391,4.76721593859315,10,0.724375180698853,"1"
"TTAGACCTTCTTCA.1_NK",7,-22.6686997107031,-14.7138465466312,18.1580170548043,3.76500913008115,10,0.792653067858806,"1"
"ACCACAGATGGATC.1_NK",7,-24.6710022446901,-13.6301757639897,18.6956655135618,5.27438626364527,10,0.717881866263641,"1"
"TCACGAGACCCACT.1_NK",7,-18.5728613188201,-19.152429777419,19.7111401759793,4.19787003633233,1,0.787030582764157,"1"
"ACTAAAACAGTAGA.1_NK",7,-19.3354711874812,-16.7922975632259,18.1195420006154,3.23692000135404,10,0.821357515480021,"1"
"ATTACCTGTGCCCT.1_NK",7,-24.8798596719851,-13.3751541821005,18.6698176264821,5.5311683084225,10,0.703737421592334,"1"
"CTTTAGTGCCATAG.1_NK",7,-24.0567536242351,-13.2933195284163,18.0282243725854,4.94953985233096,10,0.72545605434901,"1"
"AGACGTACCAGATC.1_NK",7,-20.7519211402918,-18.8777567132728,20.5972946207871,3.97194889388792,10,0.807161621610278,"1"
"AGACGTACACCAAC.1_NK",7,-20.6621473752065,-17.9780375688674,19.765941229582,3.50836735904943,10,0.82250441209454,"1"
"GCACGGACTCCAGA.1_NK",7,-18.5205590377786,-17.5214409261569,18.4393488911977,3.62963497989571,10,0.803158180838567,"1"
"ATGATAACTGCATG.1_NK",7,-18.0239359905803,-18.5787892027989,18.9357444058356,4.16630943866697,1,0.779976464121315,"1"
"GCAACCCTAATCGC.1_NK",7,-21.6619844969616,-14.2606444322065,17.1920403123578,3.54509070601886,10,0.793794649057994,"1"
"TGCTGAGAGTGCAT.1_NK",7,-18.8127016740024,-20.1767275820153,20.526238249331,4.79843406474133,1,0.76622925221587,"1"
"CGCCATTGGTAGCT.1_NK",7,-22.2979977060711,-12.0012648855566,15.8977939992916,5.00924881660124,10,0.684909188229231,"1"
"CTAAGGACCAGCTA.1_NK",7,-23.5502882376518,-11.9339589079893,16.7335621911479,5.47315297725551,10,0.672923618131302,"1"
"CTAGGATGTCAGGT.1_NK",7,-21.5049129225201,-16.6641255528853,19.0617257497686,3.31819842644751,10,0.82592350398873,"1"
"TGACGAACCCATAG.1_NK",7,-20.5934838351552,-15.405643006579,17.5264921332491,3.13488570901006,10,0.821134446917478,"1"
"TTAGGTCTGTTAGC.1_NK",7,-24.3138465973071,-12.7215222574774,17.8177566586472,5.40874870401178,10,0.696440533584971,"1"
"AACCTTTGCACCAA.1_NK",7,-22.485916869429,-12.6744615287017,16.5095408583036,4.54733844383851,10,0.724562997671047,"1"
"TATCTGACGAATAG.1_NK",7,-17.0410140978833,-20.6072002244819,19.4930562278926,5.76775682492343,1,0.704112235788334,"1"
"ATGAGCACGCTGAT.1_NK",6,12.6527361104054,-1.3290145832598,10.5001408289892,9.0239111234393,4,0.140591419638319,"1"
"TCACAACTTGGCAT.1_NK",7,-19.7642144174034,-16.6736489408488,18.207372690522,3.12790080401672,10,0.828206910618962,"1"
"CGGTCACTAAAGTG.1_NK",7,-20.3781946833849,-14.1510536396959,16.3689433593521,3.58009005922962,10,0.781287650605487,"1"
"AATACTGAAGGTTC.1_NK",7,-19.5237948505217,-18.9002583869335,20.0893143254806,3.89137627539542,10,0.806296212386914,"1"
"AGAGGTCTCGATAC.1_NK",7,-18.9972501939975,-17.9728607797591,19.037240566458,3.57049280088954,10,0.812446935866302,"1"
"AGTCTTACCTCAGA.1_NK",7,-23.3751524441625,-11.8034522897681,16.5188694352307,5.49435362353957,10,0.667389245669472,"1"
"CCAAGAACAAGCCT.1_NK",7,-19.1544149083737,-19.6707763769522,20.4801043589139,4.39060121795306,1,0.785616267329123,"1"
"ACACGAACGTGTAC.1_NK",7,-18.603124057223,-16.7968330010287,17.8146978111997,3.5239496043779,10,0.802188639867779,"1"
"CTCGCATGGGTCTA.1_NK",7,-16.9747885590429,-20.1776483875258,19.1543266175716,5.52273632919071,1,0.711671600915257,"1"
"ATACTCTGATTCCT.1_NK",7,-17.9422307223475,-18.8800111774143,19.0526232848514,4.3236383169003,1,0.773068608335,"1"
"GACAACTGCACTAG.1_NK",7,-20.5678913779735,-14.6780723857675,16.9067641834823,3.33205145643698,10,0.802916074283904,"1"
"CCAGTCACGCCATA.1_NK",7,-17.4011956404982,-19.6592956440162,19.1271054731042,4.97321239979113,1,0.739991374712485,"1"
"CGCACTACGGAACG.1_NK",7,-24.044217214979,-12.9838266491937,17.8040749890595,5.08452390373052,10,0.714417968535017,"1"
"TGGATCGAGTATCG.1_NK",7,-19.6593848866325,-15.2386125981387,16.9115656718179,3.32065965292139,10,0.803645640068969,"1"
"CACTTATGGACAGG.1_NK",7,-16.8609845516743,-20.9596834648333,19.6084280158995,6.13569530139383,1,0.687088873395731,"1"
"GAGTCAACATCGAC.1_NK",7,-19.9781151662637,-17.248197092602,18.8098032219379,3.2041232990498,10,0.829656734775788,"1"
"CTCCACGACCGTAA.1_NK",7,-24.6516093957403,-15.1931302533546,19.7974454213548,5.00440038182722,10,0.747219892500415,"1"
"ATCACTTGCCCAAA.1_NK",7,-21.491442817744,-15.1968207454801,17.8431860144123,3.27408556265115,10,0.816507794067348,"1"
"GTGACCCTAGTCAC.1_NK",7,-23.5855203583985,-13.5636582592105,17.8948951491704,4.55008317450084,10,0.745732895522901,"1"
"CAGCTCACTTGTGG.1_NK",7,-16.8097859881378,-20.1339578109964,19.0054278932905,5.60294135766597,1,0.705192569768766,"1"
"GGTAAAGAATGGTC.1_NK",7,-21.8796256138482,-13.0140137024686,16.3640104337059,4.19727717346665,10,0.743505591708663,"1"
"ACCGAAACCGACTA.1_NK",7,-18.9229447039853,-17.3504957655694,18.4444020372873,3.43688763105058,10,0.813662290373927,"1"
"GATCTTACCCTAAG.1_NK",7,-20.648673772056,-14.3008220911959,16.640854976014,3.47357867631246,10,0.791262006590451,"1"
"CGCAAATGTATGCG.1_NK",7,-19.2751002978321,-17.9419515983945,19.1221473689628,3.4952125596752,10,0.817216524261899,"1"
"GGTTGAACCCTTGC.1_NK",7,-18.2756990101878,-17.6772534095359,18.4887987891362,3.78146916241603,10,0.795472426005416,"1"
"TAGACGTGGGTGGA.1_NK",7,-17.429313426671,-19.3622942393654,18.9579603994813,4.80922457531443,1,0.746321625640381,"1"
"ACTTGACTAGTAGA.1_NK",7,-19.0337936534622,-15.4665268819699,16.8147088348062,3.49219797523487,10,0.792312908326662,"1"
"AGGCAGGAGTGAGG.1_NK",7,-17.4576640580068,-19.43217402116,19.0238907265491,4.82587026584412,1,0.746325799742463,"1"
"ATGTCGGAGTGCTA.1_NK",7,-19.9918655444257,-17.5334658635959,19.0673039137475,3.28391578480948,10,0.827772410841903,"1"
"TAGATCCTCATACG.1_NK",7,-21.6163983450298,-16.1596521497133,18.7019146744373,3.280646041183,10,0.824582343664142,"1"
"TAGAATTGCGACAT.1_NK",7,-22.8687494101033,-14.808024069812,18.3549965476727,3.84886760112891,10,0.790309543718388,"1"
"GAAGTCTGGAGGGT.1_NK",7,-22.165675072656,-13.4643025267122,16.8864949806684,3.98826261118861,10,0.763819394388572,"1"
"TCGCAGCTCGCCTT.1_NK",7,-16.8145229455905,-20.5380012909919,19.2839140355273,5.85545795144523,1,0.696355317667485,"1"
"GCTCACTGTCCAAG.1_NK",7,-23.2756782167739,-11.7560525128303,16.4150143289369,5.49159868215808,10,0.665452702500702,"1"
"ACCGCGGACCTGTC.1_NK",7,-21.3368379283254,-14.868409228796,17.4891320210903,3.30677266896302,10,0.810924140490485,"1"
"TACGACGAGAGACG.1_NK",7,-20.2885148348522,-15.8195091323456,17.7202692951242,3.0795431897405,10,0.826213522015275,"1"
"ATAACAACCCCACT.1_NK",7,-20.769123144778,-17.0201915754403,18.9873021751175,3.20505884954915,10,0.831199881900583,"1"
"TACCGAGAGGTGAG.1_NK",7,-22.0229350379655,-13.4826591416794,16.8100078456178,3.94740528348355,10,0.76517528607147,"1"
"CTAAGGTGGTTAGC.1_NK",7,-21.3314390485429,-14.4221212157388,17.1262987387243,3.43665690248568,10,0.799334523184799,"1"
"CAGGAACTCTCAAG.1_NK",7,-22.0652306857524,-13.3390604414182,16.7278103375447,4.03140256248202,10,0.758999983791438,"1"
"AGGATGCTTCACGA.1_NK",7,-17.2114454456626,-20.7846494180607,19.7362897173992,5.81147637911395,1,0.705543622315665,"1"
"TATAAGTGCCCTTG.1_NK",7,-19.2371411875234,-15.2801473097342,16.7455823882526,3.45777993262104,10,0.793510918136431,"1"
"AACCCAGAATGCTG.1_NK",7,-21.8756668910134,-15.4748997122999,18.2870109355702,3.35973007171241,10,0.816277789544196,"1"
"TTGCTAACACTGTG.1_NK",7,-21.5179151644507,-12.7095707990346,15.9037971875313,4.37867763234468,10,0.724677221375937,"1"
"ATGCGCCTTTGGTG.1_NK",7,-17.2540107268438,-19.8345151131364,19.131401425055,5.15265619851898,1,0.730670216779263,"1"
"GTCACAGAACGGAG.1_NK",7,-20.4256001238627,-16.1233841334178,18.0483056061886,3.05916140886693,10,0.830501462263695,"1"
"ATCGTTTGGACACT.1_M",3,30.7043226760457,3.80853048893607,19.9304133654017,6.99929277039437,6,0.64881346703301,"1"
"ATACAATGTGTGAC.1_M",3,25.6128588936742,9.33692525240122,16.9072972460457,5.83983822511142,4,0.654596583940864,"1"
"ATAGAACTTAGCCA.1_M",3,27.0900087627034,4.57699129162699,18.0212926011579,4.92010901343483,6,0.726983567587227,"1"
"GGCGCATGCCATGA.1_M",9,19.9256814713949,13.4505502730553,10.4215590983749,26.5701034590238,3,-0.607771226241293,"1"
"TACCGGCTTTTCAC.1_M",3,27.6729347370158,5.74232359084535,19.0557618729357,5.05987916755826,4,0.734469857395486,"1"
"ACTTAGCTGGTAAA.1_M",3,27.4626747459115,4.22135715586835,17.9891170131325,5.07997350118933,6,0.717608513109298,"1"
"GCGATATGTCCTGC.1_M",3,26.5172409321834,2.9041485034202,16.4217273395755,5.59019712140787,6,0.65958531609913,"1"
"CCTGAGCTCCGAAT.1_M",3,24.2897933444472,6.42927546803012,15.6866202312675,4.94742041811331,4,0.684608899484172,"1"
"CCAGTCACTAAGGA.1_M",3,25.2247840641654,3.55324211831155,16.1259462214404,5.42387566291492,6,0.663655354641852,"1"
"GTTAACCTCGAATC.1_M",3,26.3472573237311,4.13415526415765,17.2337067212971,4.9906681365858,6,0.710412378642928,"1"
"GCAGGGCTGGTTTG.1_M",3,24.1197991832449,6.91313372800423,15.4749272937297,4.99113411259461,4,0.677469624389319,"1"
"CATTGACTAAACGA.1_M",3,30.7716935708265,3.27068903519487,19.6368675206384,7.21238229824488,6,0.632712178219634,"1"
"TCATCAACCAGGAG.1_M",3,28.9294978362786,4.66424062662139,19.2668698796568,5.60320557851079,6,0.709179248445176,"1"
"TAGGCTGACCGTAA.1_M",3,23.9030047119376,8.31225899579788,15.2096648548426,5.33847969523502,4,0.649007407711861,"1"
"AAGTGCACTGCAAC.1_M",3,29.7153784402777,3.38803352641477,18.9376385158091,6.37884219065842,6,0.663165912405953,"1"
"CCAATTTGGTTGCA.1_M",3,23.9805980909375,6.69168527712846,15.3599602357382,5.03497580971249,4,0.672201247110162,"1"
"AGGTACACTGACTG.1_M",3,23.6813194254428,7.21011700772244,15.0279146502449,5.15924925191458,4,0.65668894374307,"1"
"GCGAGAGAAACGTC.1_M",3,28.5923531310826,4.295734773557,18.7796254437415,5.4744693409852,6,0.708488896257001,"1"
"TTGCATTGCGATAC.1_M",3,26.4798713280461,3.77887261978012,17.0452334842634,5.12315736726509,6,0.699437536482271,"1"
"GCCAAAACCTTGTT.1_M",3,27.0773142616571,4.22385857579648,17.748344720125,5.0005411786658,6,0.718253095850925,"1"
"GCGAGCACCTGAAC.1_M",3,21.994422228094,10.3397852436877,13.5234527253785,7.09216903828796,4,0.475565213831923,"1"
"CACAGAACACCACA.1_M",3,26.19171538556,6.60604382648173,17.5161178148393,4.83064345682015,4,0.724217231929799,"1"
"GATAATACAAGAGT.1_M",3,20.0640019529458,13.2915485262099,12.5284400475245,10.311003068618,4,0.176992264838648,"1"
"CATAGTCTAACCGT.1_M",3,22.9884916236325,7.78636933207979,14.329638447809,5.54013814107108,4,0.613379070152453,"1"
"TACCGCTGGTGCTA.1_M",3,29.7038423899717,3.12041985487858,18.7540982482048,6.48455152455013,6,0.654232827474343,"1"
"TTGGTACTATGACC.1_M",3,23.5084569992045,8.39642045781989,14.8276055233437,5.48059477719604,4,0.630378973289536,"1"
"CAACGATGTTTCAC.1_M",3,27.0121448991356,3.923906193075,17.4844281018045,5.08989715706215,6,0.708889697310899,"1"
"GGAAGGACTGCCTC.1_M",3,24.1181574555372,7.36197000708382,15.4425039343486,5.03684081716386,4,0.673832635006782,"1"
"TACTGGGATCCCGT.1_M",3,24.878544481244,7.24965049522704,16.1880554327149,4.88842306160155,4,0.698022836534004,"1"
"TCGGCACTGTCTAG.1_M",3,30.6969676023122,2.7700488279367,19.2686646020223,7.36402498425994,6,0.617823801682288,"1"
"ATAATGACACGACT.1_M",3,29.1701457829264,2.62799724956987,18.0467981412182,6.43195460781466,6,0.643595802563762,"1"
"CCAGCACTTAGACC.1_M",7,-20.8072059556943,-19.7467732985654,21.3920065645857,4.53922904950311,10,0.787807233706736,"1"
"CTTGTATGCACTCC.1_M",3,29.4085209488874,4.87670001508362,19.7394201755691,5.89192649128116,6,0.701514713255184,"1"
"GATTCGGACCTTCG.1_M",3,28.6944652091468,4.32474304805587,18.8685116048481,5.5194883732415,6,0.707476218112333,"1"
"CTAAACCTCTGCAA.1_M",3,20.591255079732,12.6770233694923,12.7783836432343,9.54306860086023,4,0.253186563551567,"1"
"CCAATTTGTCCTTA.1_M",3,29.7245474199411,4.49297019393216,19.6884310930339,6.12486764050886,6,0.688910324465826,"1"
"AACAGAGATCATTC.1_M",3,23.6761941000884,9.42857094662597,15.0347588784062,5.91079622366743,4,0.606857930248761,"1"
"AGTGACTGCTCCCA.1_M",3,26.8415862136552,4.72331595005901,17.9811643915532,4.85908444469613,6,0.729768087378217,"1"
"TTCATTCTTCTATC.1_M",3,27.8940958630026,2.4709795235001,17.0365271482,6.02795396428608,6,0.646174721417742,"1"
"AGACTTCTGGACGA.1_M",3,20.1755572528293,13.1434072576444,12.5709639142941,10.1317770919079,4,0.194033396246781,"1"
"GGAATGCTCCAAGT.1_M",3,27.6569335991551,2.99810008861045,17.2373092495425,5.64069617994866,6,0.672762372694662,"1"
"GGATTGTGGGTTCA.1_M",3,26.2519915076142,4.97984483505079,17.796261167766,4.79664664955137,4,0.730468854984022,"1"
"GATTACCTTATCTC.1_M",3,26.0520092342704,6.3361046515759,17.4070178449434,4.77544198085233,4,0.725659959483551,"1"
"CGTGTAGAGCGAAG.1_M",3,29.5795095701331,3.19950847115,18.7158467807438,6.37067189809808,6,0.659610811483417,"1"
"GTAGACTGTACGAC.1_M",3,29.8929679690324,4.37174183610843,19.722807590213,6.25869023194811,6,0.68266737870252,"1"
"ATTACCTGAGTACC.1_M",3,24.9518759433231,6.77723827807441,16.294139087297,4.81798709252973,4,0.704311650543977,"1"
"CGGCCAGACGAATC.1_M",3,23.0658084359284,8.83641943079511,14.4103683457873,5.81294984313971,4,0.596613375615825,"1"
"ACCAGTGACTCGCT.1_M",3,25.5169519246991,3.22494597705176,16.0434360548397,5.5260299774752,6,0.655558200962305,"1"
"AACGTGTGCCAACA.1_M",3,27.7532164320695,5.35048507129901,19.0140119486813,5.05130012765191,6,0.734338016548778,"1"
"ATCACGGACGTAAC.1_M",3,24.6566008832001,8.16029033754137,15.942301642816,5.16804859916017,4,0.675827950383248,"1"
"ATCCAGGAGCTATG.1_M",3,25.5292377392618,5.96498226501532,16.9436462032163,4.7538651309469,4,0.71943080763546,"1"
"TGGTATCTGTACGT.1_M",3,27.0971736932181,5.05054306970174,18.3855231617797,4.86625925522223,6,0.735321143031799,"1"
"ATGATATGGAGGTG.1_M",6,15.6171011818611,-13.2074827992881,19.9874947385129,5.26080464256331,2,0.736795195626667,"1"
"ATAAACACTTAGGC.1_M",3,24.5030630572068,6.92819072241336,15.8455420466252,4.89709894336949,4,0.690947843313919,"1"
"CCGCTATGTTCAGG.1_M",3,28.8311629879744,5.09534760625132,19.5113141682454,5.54099510608578,6,0.716011179036637,"1"
"AACGGTACCTGTGA.1_M",3,25.1308381870829,6.76739248448431,16.468946998525,4.8031166791909,4,0.708353140026434,"1"
"TACGTACTCTTGAG.1_M",3,24.6183153413154,7.80667727761847,15.9106862892379,5.04911506373358,4,0.682658876433958,"1"
"CCACGGGACATGCA.1_M",3,29.9718817624098,4.71757491666327,20.014646713742,6.29274634280386,6,0.685592934374242,"1"
"AATTCCTGTGTGCA.1_M",3,30.2511186151604,3.92771925212594,19.6791815949051,6.60462470506321,6,0.664385194414124,"1"
"TCTAGACTGGACAG.1_M",9,19.9866331338628,13.3510869243451,10.3081161548487,26.644578781376,3,-0.613125197458411,"1"
"TACGCGCTTATCTC.1_M",3,23.2006878944519,8.48425854123395,14.5307398201709,5.62496993294426,4,0.612891703894118,"1"
"CCATTAACGCATCA.1_M",3,27.9660380122571,3.02554590552486,17.4659008830676,5.70946237786026,6,0.673108051162976,"1"
"TAACATGAAGCCAT.1_M",3,27.9172029731764,4.99281656661286,18.8481493476974,5.10833789174724,6,0.728974033603394,"1"
"CACTGAGATACTCT.1_M",3,22.7642189910208,7.42808916886573,14.1276751812588,5.61765395893156,4,0.602365294582672,"1"
"CGTGATGACCTTCG.1_M",9,19.9930795689698,13.3666066383542,10.3165051621779,26.6471379366883,3,-0.612847534069542,"1"
"TGGATGACGTATGC.1_M",3,24.4482540864986,8.28294554805307,15.7393890387834,5.23316268561227,4,0.667511701202807,"1"
"GCCGGAACTGCTTT.1_M",3,28.8197513568152,2.1933689225282,17.5111791078106,6.53481544068538,6,0.626820364268297,"1"
"AATGGAGAGGATTC.1_M",3,29.7368079420219,3.37591358433927,18.9450943645217,6.3975209504139,6,0.662312531818554,"1"
"ACAAGAGATTATCC.1_M",3,25.4330369677272,4.08366114978666,16.6600207726574,5.13669668134855,6,0.691675253503948,"1"
"CTACGGCTTCGCAA.1_M",3,24.8298749849963,7.53366783653301,16.1261201495756,4.955669657888,4,0.692692996708299,"1"
"CCATCGTGTACTTC.1_M",3,27.31681086859,3.27025023527327,17.2038511990399,5.42570731064605,6,0.684622515745263,"1"
"GTGTCAGAAACCTG.1_M",3,27.2610726274797,3.66610298577678,17.4534574446421,5.22889328762132,6,0.700409314073957,"1"
"ACCTCGTGACACCA.1_M",3,29.9951774910985,3.80920713673028,19.4169376287185,6.43999427113094,6,0.668331103788173,"1"
"GTAGGTACGGTACT.1_M",3,28.9594286852872,2.34105056072417,17.7080156783341,6.50102804386073,6,0.632876536707905,"1"
"CCCTACGACCTCCA.1_M",3,28.4329357667055,3.75852367268625,18.29345505965,5.55430370338126,6,0.696377546763573,"1"
"ACCCGTACGTCGAT.1_M",3,23.4636338666109,7.57892309711835,14.7970879184172,5.28935645981481,4,0.642540715512583,"1"
"CACAACGAAGTCTG.1_M",3,26.6852303016626,4.80723703327655,17.9518585791573,4.83201823869984,6,0.730834653281529,"1"
"TGGTAGTGTCTATC.1_M",3,28.387910527603,4.94147992717241,19.110879037891,5.30910330900465,6,0.722194709176991,"1"
"CTTAGGGATATCTC.1_M",3,25.1173099260925,4.50569831224971,16.8013667334933,5.06954792904395,4,0.698265741742433,"1"
"CAGACCCTAGCTCA.1_M",3,27.0693071743352,5.67620517229398,18.4773108117592,4.87175829521761,4,0.736338347887877,"1"
"AGTATAACGTAAGA.1_M",3,22.1708528007562,10.4512121270723,13.7079481048123,7.07700518790183,4,0.483729794292306,"1"
"ATGTACCTCTCGAA.1_M",3,26.0615460182374,4.29783615238326,17.1899789651735,4.95799576825952,6,0.711576391204184,"1"
"TAACGTCTTAGAGA.1_M",3,26.9981881009979,3.26222899062869,16.9907086011695,5.39094058683525,6,0.682712433402326,"1"
"AGTATCCTAGTACC.1_M",3,22.9312665453569,7.67240186437613,14.2780603226318,5.5512712239778,4,0.611202705511854,"1"
"AACCGCCTTGAGAA.1_M",3,24.183723832477,9.19655304267621,15.5103517414327,5.6992180949744,4,0.632553910447425,"1"
"CTTATCGACCCTCA.1_M",3,23.4329786831789,7.279693643919,14.7829532182004,5.26667253029698,4,0.643733396665776,"1"
"CTATGTACACGTAC.1_M",3,30.741317797859,3.2165443007319,19.5800926949404,7.2073069439506,6,0.631906393077853,"1"
"GGAACACTTCCTAT.1_M",3,26.281581531176,3.53527455674715,16.740495172695,5.24607145384793,6,0.686623878222869,"1"
"ATTCCATGCAAGCT.1_M",3,23.6670498703382,9.17742040671548,15.008855826911,5.77512621479687,4,0.615218756086521,"1"
"AGTCGCCTCTCTAT.1_M",3,24.7585754730053,9.1212996741739,16.0641030826808,5.63119819868407,4,0.649454552818748,"1"
"AGGATAGACTGACA.1_M",3,25.3993338680336,7.25136461927103,16.6951319141615,4.8848458180174,4,0.707408971481448,"1"
"GACAACACCTCTTA.1_M",3,21.5368165395295,11.7282043185151,13.368979925894,8.32563488840456,4,0.377242322559038,"1"
"GGACCCGAATGTGC.1_M",3,22.6825905074541,10.2346971737537,14.1642254096788,6.71400579594893,4,0.525988495540247,"1"
"AGGTCTGACCCTCA.1_M",3,23.0110761050827,9.58351058896453,14.4061846592695,6.19450645631919,4,0.57001061677122,"1"
"ACTTGACTGGTACT.1_M",3,28.5089887390869,2.01310864716949,17.1693270500767,6.53711084179503,6,0.619256431965641,"1"
"CCAGAAACTCGTGA.1_M",3,23.7885858162455,9.44351854843566,15.1445148311024,5.89698667680611,4,0.610618977063865,"1"
"AGGACTTGCATTTC.1_M",3,27.6602773693863,2.78661544596749,17.0922970170564,5.76718071099342,6,0.662585976288714,"1"
"CGCTACACACTAGC.1_M",3,28.5244480827972,4.49485421214647,18.8766474456199,5.40805917640597,6,0.713505314331605,"1"
"CTTTAGACTGTCAG.1_M",3,22.0356384938093,9.93304983502931,13.5079430813723,6.83015679342888,4,0.494359966407633,"1"
"TATAAGACCCCTTG.1_M",3,25.8352852565997,8.08411106806783,17.0922548566371,5.21915865579481,4,0.694647739600714,"1"
"TAGACGTGCTGTCC.1_N",6,19.2706612815435,-13.8066094688914,21.2131784967038,5.95808615797369,3,0.719132794790772,"1"
"TCGCACTGAGCTCA.1_N",6,13.68180773294,-7.0055874717015,16.1906660758137,4.81770107689232,4,0.702439599808113,"1"
"AAAGAGACAGTCTG.1_N",6,16.9509897429928,-10.9189788291835,19.5678344895357,3.87543773149242,3,0.801948563415902,"1"
"AACAGAGATGGGAG.1_N",6,16.3004022275452,-7.16008574862619,16.9636143618329,4.16789347963087,3,0.754303924226881,"1"
"GCGTATGACGTACA.1_N",6,16.8887422646021,-11.8384461441295,20.3432041493972,4.20717273785396,3,0.793190261133046,"1"
"CCTGACTGGTGCTA.1_N",6,15.0440046233267,-7.86887845625524,17.4311336279838,4.02323264983212,4,0.769192713698594,"1"
"CACTCCGATAAGGA.1_N",6,18.4402886427026,-10.3978100600145,18.5530442226076,4.22464492101667,3,0.772293707149752,"1"
"CTAGGCCTGAATCC.1_N",6,18.7501776719108,-13.5255402868468,21.1170892389516,5.54760155606933,3,0.737293265501929,"1"
"GGATGTTGTGCGTA.1_N",6,19.7997728267664,-14.0770953902793,21.3135050135746,6.42537830502389,3,0.698530190086916,"1"
"GATCTTACTTCCGC.1_N",6,18.2030665456207,-10.9208224494267,19.0769138060577,4.17701849567724,3,0.781043278900234,"1"
"TGGAGGGAAGGAGC.1_N",6,18.7520343887931,-12.1787479195935,19.9532024459082,4.80112933488754,3,0.759380513082896,"1"
"TAATGTGACGTAAC.1_N",6,14.57678955159,-5.79621201878062,15.332748848911,4.98398723467689,4,0.67494496363378,"1"
"TCGACCTGGCTAAC.1_N",6,13.6984617253561,-7.13430623790465,16.3184973372108,4.77110713727933,4,0.707625828611078,"1"
"CATAGTCTGTATGC.1_N",6,17.5939710237105,-11.3131097856831,19.6325083112401,4.07873991171041,3,0.792245603717624,"1"
"ATGTTGCTCCTCAC.1_N",6,13.460242754669,-4.1471997479175,13.4091245986192,6.37658804624769,4,0.524459035386672,"1"
"ACCACAGATCGTAG.1_N",6,15.447184047307,-6.17310213585422,16.0094753255875,4.62336335144026,4,0.711210813757846,"1"
"TCTGATACATGTGC.1_N",6,20.0071186945204,-13.5220018641575,20.7688653115918,6.18241072326739,3,0.702323134628988,"1"
"GACGAGGAAGGTCT.1_N",6,19.3742067373018,-12.529982988692,20.0665143051141,5.28122558961043,3,0.736814002207425,"1"
"AGCATTCTCGCTAA.1_N",6,19.5416005742616,-13.5281444733737,20.8945248818136,5.90381722827368,3,0.717446687030806,"1"
"ATACACCTAGGCGA.1_N",6,13.4649050486874,-4.03574312585473,13.3057774141108,6.45344003215744,4,0.514989629594019,"1"
"ATACCTTGGTTGGT.1_N",6,18.4222610051889,-13.6203839959105,21.29963520783,5.51153832867894,3,0.741237900325503,"1"
"CACGACCTGCAAGG.1_N",6,17.1604689921719,-12.6525948366995,20.9111428138456,4.64878731809969,3,0.777688509925835,"1"
"GTACCCTGCAGTTG.1_N",6,18.2324810483965,-11.9601637515801,19.9407163597095,4.49980919805675,3,0.774340644694757,"1"
"GAGAGGTGGGGATG.1_N",6,16.0923038941383,-7.52615357340916,17.3424984894918,4.00871569376807,3,0.768850163302765,"1"
"GATCGAACGGTGAG.1_N",6,16.1177286705938,-8.38405749038956,17.9676696648224,3.79623806398991,3,0.7887183961634,"1"
"TAGCCGCTCTTCTA.1_N",6,14.7925621216924,-8.27564815950644,17.7311150522205,4.05032442101836,4,0.771569672347756,"1"
"TAGAATTGTCTCAT.1_N",6,14.9980152929078,-7.17366799950083,16.7650897579076,4.21022768791811,4,0.748869361947062,"1"
"AGGCCTCTCACTAG.1_N",6,14.6404265288723,-9.83551098148416,18.3573401143257,4.18808237160168,1,0.771857886517372,"1"
"TCCATCCTTTTCTG.1_N",6,14.6006567757457,-7.66137710215934,17.0895749392365,4.20947854823645,4,0.753681495110111,"1"
"GCAAACTGTATGGC.1_N",6,16.3297231855196,-6.65473202894637,16.5801300912223,4.41144514735005,3,0.733931813376693,"1"
"GTGTCAGAAGAGAT.1_N",6,13.8170646148145,-4.66292849011987,14.011155035512,5.90529226148685,4,0.578529232849141,"1"
"AGTCGAACCCAATG.1_N",6,16.9324235143623,-10.3865723182788,19.1461776032505,3.75949307901124,3,0.803642630037393,"1"
"AGTAGGCTACTTTC.1_N",6,17.2906943849898,-9.99087957313411,18.6749795393396,3.77366784797014,3,0.797929211112615,"1"
"GAGCAGGAGTAAGA.1_N",6,18.0076803213151,-13.3243600068717,21.1784928375904,5.19551404228528,3,0.754679708224393,"1"
"CACAATCTAGATCC.1_N",6,17.7285198132415,-10.6150625424749,19.0040704224374,3.95240570680669,3,0.7920232024535,"1"
"CATTAGCTGCCCTT.1_N",6,13.3560371143203,-3.79400833201899,13.0430191495491,6.67613027865904,4,0.488145328768468,"1"
"ACCAACGAGTTGCA.1_N",6,17.219118345645,-10.114656242831,18.8050277718587,3.76560197299105,3,0.799755575015624,"1"
"CCAGATGAACTCTT.1_N",6,14.6075974181657,-6.32389424644653,15.8354371605525,4.68591680942371,4,0.7040866783838,"1"
"TTACGACTAGCCTA.1_N",6,16.5123448356656,-10.7264648751498,19.6009128697438,3.82932551885561,3,0.804635348144086,"1"
"CATTTGTGCCACCT.1_N",6,15.3784167650173,-6.55537625445459,16.3326839617763,4.41381000367756,4,0.729755990258106,"1"
"CCCTGAACACGGTT.1_N",6,16.7676873159712,-10.0426855086226,18.9434086329448,3.70711530810133,3,0.804305794171899,"1"
"CCGACTACGAATAG.1_N",6,19.1267360003518,-12.2879286682191,19.9299099675309,5.03700869149326,3,0.747263851181497,"1"
"GGTGATACGCGAGA.1_N",6,13.5603035912256,-7.24462896750238,16.3866247737123,4.82462034150289,4,0.705575711403203,"1"
"ACTCGAGAAATCGC.1_N",6,16.039735372038,-6.48779109519997,16.5385845414756,4.46162349970444,4,0.730229422686352,"1"
"CCTTTAGACCGAAT.1_N",6,18.0925140617647,-8.70923565508186,17.3052089832432,4.2051365956949,3,0.757001686615472,"1"
"ACAGCAACGCCATA.1_N",6,16.5836830454568,-9.59790316281001,18.6754917166851,3.68086534478256,3,0.802903966298569,"1"
"CAGTTGGACGCCTT.1_N",6,16.9148983678196,-13.4709694919902,20.5272877796751,5.21922293780708,2,0.745742204531529,"1"
"AGAGATGAGAGAGC.1_N",6,19.8026855886941,-14.2013440312182,21.4232286361377,6.519993778675,3,0.69565774191119,"1"
"CGAGATTGGGGAGT.1_N",6,18.3563109925449,-11.2293174190107,19.2801827656479,4.30862218278438,3,0.776525864139566,"1"
"CGACCTTGACGTTG.1_N",6,17.3998335507566,-7.66228301905809,16.7891544131049,4.24146468611322,3,0.747368772616534,"1"
"GCCCATACACTCAG.1_N",6,16.1562793576228,-11.0637850122678,20.0272982611452,3.97469383477656,3,0.801536194101237,"1"
"GGGCAGCTAAACGA.1_N",6,17.9803368779102,-12.8557603659556,20.7878329629289,4.88122969286291,3,0.765188141468731,"1"
"GGACAGGATTCCCG.1_N",6,16.2166853464823,-11.9147336904853,20.2596899084013,4.31358616078182,1,0.787085282139829,"1"
"ATAGATTGATCTCT.1_N",6,19.2889718185755,-13.6800732321301,21.0969196519924,5.87625649238075,3,0.721463768677443,"1"
"GAAAGATGCTCGCT.1_N",6,18.4575221109761,-11.3937641454031,19.3832740537589,4.39674603916908,3,0.773168040292117,"1"
"CAAGCATGGTTACG.1_N",6,15.9779345533421,-9.76047377523254,19.0869083208837,3.73383096587823,3,0.804377382491385,"1"
"TCCAGAGAAAGCAA.1_N",6,14.5898056626791,-7.0444860360273,16.5047462803065,4.3826620970829,4,0.734460498655935,"1"
"CTACCTCTCTAGTG.1_N",6,16.4298001639093,-13.0908964599536,20.5432565512197,4.98217576475944,2,0.757478774003646,"1"
"CGACTGCTATACCG.1_N",6,18.4628120749373,-12.9172217874256,20.6804589550855,5.05526894108979,3,0.755553348594971,"1"
"GAGGTTACCCTTAT.1_N",6,13.4931562322235,-4.03852160990825,13.3176337806227,6.44090027021451,4,0.516363013406623,"1"
"TACCGGCTCGAACT.1_N",6,13.3442891844441,-3.80273555419825,13.0474272118153,6.67425807311588,4,0.488461750752523,"1"
"CACCGGGAGCGTAT.1_N",6,17.299974497967,-7.84042103365243,16.9738002402449,4.14312058198919,3,0.755910843573742,"1"
"ACAATTGATTCACT.1_N",6,20.1769803124011,-13.6381540825568,20.8306811713072,6.36695535136862,3,0.69434723238246,"1"
"AAATTCGATCCAAG.1_N",6,16.0542927402552,-12.327986477501,20.2002076933783,4.57024342914234,1,0.773752651531376,"1"
"ATCTGACTTTGAGC.1_N",6,12.9078579459277,-2.2812701426833,11.4758968535369,8.08497888967254,4,0.295481739435404,"1"
"CATTTCGATAAGCC.1_N",6,13.3207220600257,-4.66885893881693,13.8587490397182,6.10397056159101,4,0.559558330690781,"1"
"GTGGATTGTTTCGT.1_N",6,13.8461789816446,-6.28683665891137,15.5531481406844,5.00381005231859,4,0.678276705972505,"1"
"CGCGAGACAGCTCA.1_N",6,16.8478220508683,-9.37772042436907,18.3816275625987,3.71097860757386,3,0.798114797237834,"1"
"GTAGTGTGCCTTTA.1_N",6,18.0758501896205,-9.54436977808166,17.9888620935493,4.05756904942285,3,0.774439926865754,"1"
"ATAGTTGAATGCTG.1_N",6,15.5831292832143,-10.1979540256118,19.3285127104136,3.88708373700461,1,0.79889380030206,"1"
"TCATCAACGGATCT.1_N",6,15.1292740576263,-6.29401250302712,15.9969526355071,4.58325781879929,4,0.713491817896228,"1"
"GACTGATGGTGCTA.1_N",6,16.9982407344684,-12.178510316296,20.5797538686732,4.37337911188497,3,0.787491184792925,"1"
"GACCTCACACCGAT.1_N",6,15.5909646037545,-7.20082449008155,17.0079625676796,4.11453930581647,4,0.758081587406868,"1"
"TTTCCAGAGTCACA.1_N",6,13.7805333576861,-4.80860978387196,14.1357298088847,5.82493891949205,4,0.587927967056153,"1"
"ACAATAACAGAGTA.1_N",6,15.1635147534172,-10.6306588936198,18.9872617090597,4.13838522353315,1,0.782044125848935,"1"
"AGAAAGTGATTTCC.1_N",6,13.4447320656065,-4.18455067644058,13.4393044408906,6.35740547378255,4,0.526954277898532,"1"
"AAGCCTGACTCAGA.1_N",6,15.1970593784398,-6.88972254120484,16.5727640929846,4.27757652800321,4,0.741891183389622,"1"
"ACTTCTGATGCTAG.1_N",6,15.4334667323429,-7.27713377909834,17.0188761891429,4.09935193092405,4,0.7591291055082,"1"
"TATCAGCTTATCGG.1_N",6,16.0377479919578,-9.51158075581536,18.8660449458353,3.71163858671269,3,0.803263556438625,"1"
"TGGTATCTTGATGC.1_N",6,15.977938657873,-11.4846054420331,19.9372239734366,4.17163756103916,1,0.790761363437696,"1"
"AGCGATTGGTGCTA.1_N",6,14.6883502108449,-8.46240781309075,17.8750497018125,4.07933968237093,4,0.771785827148929,"1"
"TTAGAATGCTCTAT.1_N",6,13.3261639965529,-3.66708715432886,12.9139484666093,6.78755854930779,4,0.474400988446103,"1"
"CGCCATTGTGCGTA.1_N",6,16.8225385125294,-12.105028574705,20.5887052655483,4.33682235758562,3,0.789359150968927,"1"
"AGATCTCTATCAGC.1_N",6,15.2233771785767,-6.76974115132539,16.4714872579729,4.32640520669255,4,0.737339735086862,"1"
"ACGACAACTTACTC.1_N",6,19.8810933508142,-14.2117420966961,21.4131851086032,6.57228961944213,3,0.693072768665247,"1"
"TACTAAGACAGCTA.1_N",6,17.6190233717511,-9.93625693900463,18.4935440339593,3.86311144567707,3,0.791110268611396,"1"
"GGAGCGCTCTATGG.1_N",6,17.5430687351811,-11.1631683661348,19.5282845935096,4.02226832638954,3,0.794028589294199,"1"
"CGGCACGATGCTTT.1_N",6,14.3414648128997,-7.93909599539338,17.272314521648,4.27619695380284,4,0.752424786588773,"1"
"AGCGTAACGACGGA.1_N",6,12.9534738547692,-2.43545436777504,11.6354713190096,7.9354296664505,4,0.317996714625053,"1"
"CCTTTAGACCTGTC.1_N",6,18.3193078571901,-9.42214225397297,17.7921685875154,4.18713204766881,3,0.764664322560046,"1"
"ACGCAATGATTCGG.1_N",6,15.4415055182784,-7.81308295575914,17.5185909910558,3.95301943292038,4,0.774352889742183,"1"
"GAGGGATGGAGAGC.1_N",6,13.9443639307002,-5.18177752346708,14.540445945218,5.54091264970173,4,0.618931037563949,"1"
"TATTGCTGTCTCCG.1_N",6,19.4573812141844,-13.2750810490287,20.6947750146854,5.70426798605337,3,0.724361923142169,"1"
"CTTACATGCTTACT.1_N",6,16.6992905926816,-9.64094471703965,18.6563715346469,3.68535576262195,3,0.802461279473457,"1"
"TATGGTCTTCATTC.1_N",6,18.973887704838,-11.9139217683222,19.6548916977175,4.81458853925776,3,0.755043751280661,"1"
"TAATGAACTCGCTC.1_N",6,16.3641200998058,-13.0151302552653,20.566473978861,4.93955614359996,2,0.759824841697365,"1"
"TCATCATGCTACGA.1_N",6,16.1753246548067,-8.7594089760903,18.2228533611952,3.73990500905568,3,0.794768418813068,"1"
"GTGAACACTCTCCG.1_N",6,15.0539559065521,-7.23921678557062,16.8459251805723,4.17508965961371,4,0.752160263395408,"1"
"TGGCACCTATCTCT.1_N",6,19.6818033893064,-13.1619365217046,20.5343962796581,5.77171384125957,3,0.718924590591583,"1"
"TTACTCGATGCGTA.1_N",6,17.6145915681688,-13.1524925240036,21.1664260373872,5.01122593848501,3,0.763246476772533,"1"
