cellName,BelongingClusters,xChoord,yChoord
AAACATACAATGCC.1_B,0,5.96822327130844,5.01194467316137
AAACATACACGCAT.1_B,0,5.5382999049655,4.77974682558207
AAACATACGAATAG.1_B,0,5.17089916354218,5.01312775859945
AAACATACGGTGTT.1_B,0,3.89558291944141,4.64931072280432
AAACATACGTGTCA.1_B,0,5.04954416727045,4.79655815562494
AAACATACTCTTAC.1_B,0,3.38732469802807,4.94602929994142
AAACATTGCTGATG.1_B,0,3.7201242953217,4.68890730959035
AAACATTGGCCCTT.1_B,0,4.84927960868381,4.66654009157206
AAACATTGGTGCAT.1_B,0,4.01067202235793,4.51891807890563
AAACATTGTTTGGG.1_B,0,4.41121836572538,4.68347361717501
AAACCGTGACGGTT.1_B,0,4.57558408914007,4.32978183501655
AAACCGTGCTCCAC.1_B,0,3.76770435601978,4.89718201291244
AAACCGTGCTCGCT.1_B,0,3.62596522412203,4.71336907827838
AAACCGTGGGGACA.1_B,0,4.02677542679215,5.08816194143826
AAACCGTGTGCATG.1_B,0,4.45822117858078,4.47796648328615
AAACGCACATCACG.1_B,0,3.45492074401623,4.34654531407811
AAACGCACCCAGTA.1_B,0,5.8177339193861,4.94964328781273
AAACGCACGCCCTT.1_B,0,4.96181964858138,4.96553210524289
AAACGCACGTACCA.1_B,0,5.93672658995149,4.92472520480165
AAACGCACGTGTAC.1_B,0,5.72267483877175,4.91829591475126
AAACGCACTCACCC.1_B,0,3.34368227452381,4.41876646591566
AAACGCACTTCACT.1_B,0,3.6572661461105,4.83484439973184
AAACGCACTTCCAT.1_B,0,3.1624741776838,4.39413407877182
AAACGCTGATCTTC.1_B,0,5.35345188771232,4.67375021198691
AAACGCTGCCCTCA.1_B,0,5.57935226187613,4.90618307760825
AAACGCTGCCTACC.1_B,0,5.61239435100214,4.86386050898139
AAACGCTGCTGTAG.1_B,0,4.00033133442136,4.86999257406038
AAACGCTGCTTCTA.1_B,0,3.33024786130857,5.01562623175861
AAACGCTGGCCTTC.1_B,0,4.37386753501862,4.94368093609111
AAACGGCTAGCCTA.1_B,0,3.52828608193683,4.59609849628169
AAACGGCTGCATAC.1_B,0,4.56493150409252,4.59053419675427
AAACGGCTGTTACG.1_B,0,3.12830816072878,4.35957713115519
AAACGGCTTGTCAG.1_B,0,4.03944484121784,4.85721430620285
AAACTTGAACGCTA.1_B,0,5.26917780440181,4.93328441213298
AAACTTGAACGTAC.1_B,0,4.07264444295829,4.63041299797191
AAACTTGATCCTTA.1_B,0,3.72921064346712,4.56463141701506
AAACTTGATCTTAC.1_B,0,5.04906217900566,4.49266228934902
AAACTTGATGCCCT.1_B,0,3.94712177240405,4.3888795109114
AAACTTGATTTACC.1_B,0,3.78697192709156,4.94320612472784
AAACTTGATTTGGG.1_B,0,3.48307137106006,4.59371006345492
AAAGACGAACAGTC.1_B,0,3.83428026920939,4.23373910294724
AAAGACGACAATCG.1_B,0,4.17129399422756,4.68435535958701
AAAGACGACAGAGG.1_B,0,3.54982111734744,4.31805385221738
AAAGACGACCAATG.1_B,0,5.11570176198699,4.79272774673059
AAAGACGACCTTAT.1_B,0,5.27482705126201,4.68728711968859
AAAGACGAGTGCTA.1_B,0,3.53704785405244,4.31908604575035
AAAGACGATAAGGA.1_B,0,3.71309522224578,4.83146010484287
AAAGACGATGTCGA.1_B,0,3.78848691823299,4.19974387752558
AAAGACGATTGCTT.1_B,0,3.44307218236442,4.50914247928475
AAAGAGACAAACGA.1_B,0,2.88183972210827,4.17491610661275
AAAGAGACCAGTCA.1_B,0,4.29403874637548,4.7257767869482
AAAGAGACCGTCTC.1_B,0,3.64379629662542,4.74767151905469
AAAGAGACGAACTC.1_B,0,4.50751818338895,4.83741480119083
AAAGAGACTGAAGA.1_B,0,4.00731047306338,5.02372014157749
AAAGATCTACCAAC.1_B,0,5.98121481545583,4.88450373827126
AAAGATCTAGGAGC.1_B,0,3.00324578053282,4.26426831059834
AAAGATCTCCGAAT.1_B,0,6.0581320186856,4.95253970290914
AAAGATCTGGTCTA.1_B,0,4.69303565264513,4.47961675643335
AAAGATCTGTGCAT.1_B,0,3.97903908621564,5.05922671700177
AAAGATCTTCGTAG.1_B,0,5.13666172167521,5.17053488891483
AAAGATCTTCTTAC.1_B,0,3.95007571125767,4.44942120877076
AAAGATCTTGATGC.1_B,0,3.24930099044459,4.89795656878193
AAAGCAGAACCAAC.1_B,0,3.63547831712061,4.62371923150546
AAAGCAGAGTACGT.1_B,0,6.10044477385756,4.90781826199401
AAAGCAGATATCGG.1_B,0,5.11768052133814,4.83062547766437
AAAGCAGATTATCC.1_B,0,3.18079415377484,4.72384600929184
AAAGCCTGAGGGTG.1_B,0,3.74706511518433,4.60451727213717
AAAGCCTGATGACC.1_B,0,4.13526049238458,4.4785041088475
AAAGCCTGCCTTCG.1_B,0,4.10141171829603,4.63120136181434
AAAGCCTGGAACCT.1_B,0,5.03742373818325,5.01262275622671
AAAGCCTGGTCACA.1_B,0,4.306129499246,4.87488042382151
AAAGCCTGTAACCG.1_B,0,3.18601834786846,4.43993914024947
AAAGCCTGTTCATC.1_B,0,5.39204498916725,5.00244496856167
AAAGGCCTCATTCT.1_B,0,4.86548729050472,4.76728453958178
AAAGGCCTCCTGTC.1_B,0,4.67216056614045,4.92177857584482
AAAGGCCTCGAGTT.1_B,0,3.81762021665786,4.69958131182468
AAAGGCCTGGCATT.1_B,0,3.7368403109274,4.21915003642733
AAAGGCCTGGTTCA.1_B,0,3.4521929529063,4.77560734754425
AAAGGCCTTATTCC.1_B,0,5.92251737267548,5.02679207846142
AAAGGCCTTTCCAT.1_B,0,2.87286353602381,4.29306461074394
AAAGTTTGATGGTC.1_B,0,4.56445832227061,4.81549874873458
AAAGTTTGCTTCCG.1_B,0,3.35848861627087,4.91469360086727
AAAGTTTGTCCTAT.1_B,0,4.2602597578867,5.05076588588998
AAAGTTTGTGCAGT.1_B,0,3.59860764117373,4.64303514412138
AAATACTGCCATGA.1_B,0,3.62519622751134,4.60673821821401
AAATACTGGTACAC.1_B,0,3.43216094269146,4.83471515205465
AAATACTGTTACTC.1_B,0,3.78661746628642,4.24545298844454
AAATACTGTTGACG.1_B,0,5.06877639313529,4.88469340574993
AAATCAACACACTG.1_B,0,3.8254272181324,5.02296087282875
AAATCAACACCCAA.1_B,0,3.90352761614256,4.2775986125551
AAATCAACATGTCG.1_B,0,4.64212730761168,4.69131545269976
AAATCAACCCAATG.1_B,0,3.95936915162935,4.35179691329136
AAATCAACGGGAGT.1_B,0,3.58092717192203,4.73503051529375
AAATCAACTCCAGA.1_B,0,4.23235060692636,4.37453534414085
AAATCAACTTTACC.1_B,0,3.61154575618803,4.36494205956153
AAATCATGACTGGT.1_B,0,4.85068982349361,4.89331200150771
AAATCATGAGTCGT.1_B,0,6.01820138149495,4.99295522976416
AAATCATGCATACG.1_B,0,5.21324291520143,4.70668976590504
AAATCATGCCGCTT.1_B,0,4.04156880451486,4.49692465325761
AAATCATGCGTTGA.1_B,0,3.24696798917525,4.49292057672214
AAACATACCACTAG.1_M,0,-10.4061327305415,-10.1689029092799
AAACATACGTTCAG.1_M,0,-10.4799854997256,-9.71240528628827
AAACATTGACGGTT.1_M,0,-10.0554520310737,-10.0353054753671
AAACATTGCTTCGC.1_M,0,-10.3594809233206,-9.56584831463327
AAACATTGGGCAAG.1_M,0,-9.65413011494899,-9.17805609872877
AAACATTGTTTGTC.1_M,0,-9.16225340027261,-9.20610969336235
AAACGCACGGACTT.1_M,0,6.09563655731133,4.73108216882755
AAACGGCTACGGAG.1_M,0,-10.4755208904932,-9.63589105637399
AAACGGCTAGTCAC.1_M,0,-10.6750631433683,-9.80299131318009
AAACGGCTCAGCTA.1_M,0,-10.2080764348174,-9.31944717886153
AAAGACGACCGTAA.1_M,0,-10.6392573020859,-9.98503855551116
AAAGACGACTCGCT.1_M,0,-10.5224118426198,-9.80700195702824
AAAGACGAGGTAAA.1_M,0,-9.978942489093,-10.1207607131712
AAAGACGATCAAGC.1_M,0,-9.3084947694969,-9.35108861954115
AAAGATCTTGCATG.1_M,0,-9.79765004288333,-10.0146754539025
AAAGCAGAGATAGA.1_M,0,-10.6038584581237,-9.86312423053589
AAAGCCTGCAACCA.1_M,0,-9.28066677073072,-9.55027037819025
AAAGCCTGTGCTCC.1_M,0,-10.356787469737,-10.0464127562618
AAAGGCCTCGCAAT.1_M,0,-9.48912566274468,-9.68801168764915
AAATACTGACAGTC.1_M,0,-10.2388920081709,-9.93833411221446
AAATACTGACGGTT.1_M,0,-10.8458339833158,-9.96720383901861
AAATACTGTGGATC.1_M,0,6.71687789127527,3.90898227104106
AAATCAACTTGTCT.1_M,0,-10.3462857105351,-9.65829669744539
AAATCATGTAGCGT.1_M,0,-10.5264290483559,-9.73232250244116
AAATCCCTGCTGTA.1_M,0,-9.47527200180595,-9.57692508565841
AAATCCCTGTTCTT.1_M,0,-9.66498238356299,-9.90864882125576
AAATCTGAAACCAC.1_M,0,-9.97322810873442,-9.48158806962833
AAATCTGACTCATT.1_M,0,-9.69943933818731,-9.45261826110504
AAATCTGAGCTACA.1_M,0,-10.7861679817668,-10.0936846181095
AAATCTGATCACGA.1_M,0,-10.0341827975893,-10.1965731986992
AAATGGGAAGTAGA.1_M,0,-10.580216242278,-10.3003022441268
AAATGGGACGAATC.1_M,0,-0.306633817732494,3.6210254462258
AAATGGGATAACGC.1_M,0,-9.86258359028797,-9.79828822567421
AAATGGGATAGTCG.1_M,0,-9.81635659985301,-9.5879140178299
AAATGTTGAGAACA.1_M,0,-10.0956394204494,-9.5924932505979
AAATTGACAGGGTG.1_M,0,-10.4717179765238,-10.0736876767395
AAATTGACTGGGAG.1_M,0,-10.316414398721,-10.1758004075978
AAATTGACTGTCCC.1_M,0,-10.2283992519215,-9.74753464862115
AACAAACTCAATCG.1_M,0,-10.7408104318565,-9.8628033554719
AACAAACTCTTGTT.1_M,0,-9.48503182077884,-9.52800832926182
AACACGTGAAGAAC.1_M,0,-9.16252779775378,-9.16300141683591
AACACTCTGCGTAT.1_M,0,-10.6752203878157,-9.73339731236861
AACAGAGACGCTAA.1_M,0,-10.6371129681773,-10.2957169799579
AACAGAGATCATTC.1_M,0,-9.94952164225801,-9.14507529845057
AACAGCACAAGCAA.1_M,0,-10.2645035074076,-10.170273063049
AACAGCACGTATCG.1_M,0,-9.78509044843419,-9.56154638275402
AACATATGACAGTC.1_M,0,-10.1406015514786,-9.84851539603518
AACATATGCTCCAC.1_M,0,-10.4905820398666,-10.0695284412807
AACATATGGCAGAG.1_M,0,-10.5130512025219,-9.82525174653689
AACATATGGTATCG.1_M,0,6.89599684317007,3.76496890731834
AACATTGATCGATG.1_M,0,-10.1507920162632,-9.99350526865813
AACCACGAAATGCC.1_M,0,-9.66792351054988,-9.67859207236957
AACCAGTGCTTCGC.1_M,0,-10.1018834709758,-9.23132951071687
AACCAGTGGACACT.1_M,0,-10.9257983302005,-9.88412029311827
AACCAGTGTCCAGA.1_M,0,-9.97827390582726,-9.3874922725894
AACCCAGACCTTTA.1_M,0,-10.3798576098836,-10.123756889203
AACCGATGACCTAG.1_M,0,-9.93396987587352,-9.50009172812663
AACCGATGGGGATG.1_M,0,-10.4187712504254,-10.2192297240735
AACCGCCTTCGTGA.1_M,0,-10.5458644684167,-10.122136234083
AACCGCCTTGAGAA.1_M,0,-9.79998530637397,-9.64410193901641
AACCGCCTTTCACT.1_M,0,-9.47434363559364,-9.81565282009128
AACCTACTTGATGC.1_M,0,-9.41357703025149,-9.58320015259112
AACCTTACGACAGG.1_M,0,-9.70488045278374,-9.83953409794103
AACCTTACGCCCTT.1_M,0,-9.27950042503844,-9.42859350240664
AACCTTTGTTGTGG.1_M,0,-9.89929291330284,-9.55741931063744
AACGCAACTAAGGA.1_M,0,-9.84266009003534,-9.91551925980686
AACGCATGCGTTGA.1_M,0,-9.99600744393961,-9.58642485182347
AACGCATGCTGAAC.1_M,0,-10.311279115308,-9.62409831601755
AACGCCCTCCCAAA.1_M,0,-10.0121320205644,-9.69226708628944
AACGGTACAAGGCG.1_M,0,-9.17407500671622,-9.27606249050884
AACGGTACCTGTGA.1_M,0,-10.1994761822566,-9.57469633470221
AACGGTACTATGCG.1_M,0,-10.6004709761753,-9.6101668490722
AACGGTTGGCCATA.1_M,0,-9.29428861601837,-9.35502123700583
AACGGTTGTCTACT.1_M,0,-9.62364717638253,-9.16741308379094
AACGTCGAAAGTAG.1_M,0,-10.6170885255893,-10.2168884051808
AACGTCGACTCTTA.1_M,0,-10.5573184479742,-9.47084063909431
AACGTCGAGGCATT.1_M,0,-9.45492497441334,-9.71467568688306
AACGTGTGATTGGC.1_M,0,-9.59562921579811,-9.91453775963573
AACGTGTGCCAACA.1_M,0,-10.1446489216731,-10.0749523457619
AACGTTCTCACTTT.1_M,0,-9.54098120359494,-9.39329966247976
AACGTTCTGCGGAA.1_M,0,-9.33820647924044,-9.43846472738247
AACGTTCTGGCAAG.1_M,0,-10.1364817944397,-9.97528981592809
AACTACCTGATACC.1_M,0,-10.8064305196867,-9.97368213599545
AACTACCTGTCATG.1_M,0,-9.73923896438413,-10.0752772840749
AACTCACTCGTTGA.1_M,0,-10.7464253990081,-10.2778224934915
AACTCACTCTTGGA.1_M,0,-10.7923941068844,-9.78418225196819
AACTCGGAATACCG.1_M,0,-10.4458324320388,-9.48943931624447
AACTCTTGACTAGC.1_M,0,-10.4304443490451,-10.0916006656471
AACTCTTGGATGAA.1_M,0,-9.81669419924404,-10.0080494312736
AACTGTCTAGTGCT.1_M,0,-10.1288152312813,-9.15653364921264
AACTGTCTCCTTTA.1_M,0,-10.2346074214368,-9.82646966837108
AACTGTCTTCTAGG.1_M,0,6.78170626443473,3.84262942206528
AACTTGCTCCTTAT.1_M,0,-10.8858566560979,-9.94909961735791
AACTTGCTGGAAAT.1_M,0,-10.0361859139986,-9.6785997681415
AAGAAGACCTTGGA.1_M,0,6.6527559026165,3.97877473522472
AAGAATCTCTGATG.1_M,0,6.73469520524023,3.92089592705142
AAGAATCTTACTTC.1_M,0,-9.97651421040715,-9.96026255910424
AAGAATCTTCTGGA.1_M,0,-10.5844728364232,-10.2009513623297
AAGACAGACGCAAT.1_M,0,-9.71212364417245,-9.14154059358827
AAGAGATGGAAAGT.1_M,0,-10.7877127065889,-10.0055323646493
AAACATACATTCTC.1_S,0,8.23330441912928,-2.59143899807982
AAACATTGCGATAC.1_S,0,8.73239132237611,-2.25348590942803
AAACATTGCGTCTC.1_S,0,5.87633276755912,2.75985296119539
AAACATTGGCCAAT.1_S,0,8.4532002997008,-2.7762886461655
AAACATTGGCCATA.1_S,0,8.75427425779723,-2.19394354727757
AAACATTGGTACGT.1_S,0,5.7244974498705,2.91678970978602
AAACATTGTCCCGT.1_S,0,8.66845703277848,-2.56604771257381
AAACCGTGACCTTT.1_S,0,8.14833247018958,-2.56279887178826
AAACCGTGTCAGTG.1_S,0,5.36128894610728,3.2928662995251
AAACCGTGTCGTGA.1_S,0,5.69270102107741,4.80755275280094
AAACGCACAGAGGC.1_S,0,8.78347269616043,-2.56507600225581
AAACGCACCACAAC.1_S,0,5.72191205296209,4.71191282585192
AAACGCACCAGTTG.1_S,0,8.36899373543359,-2.10242449138283
AAACGCACTCTCGC.1_S,0,8.08996815923273,-2.44097910764691
AAACGCACTTCTAC.1_S,0,6.73345801931157,3.3013849707378
AAACGCACTTTCTG.1_S,0,8.09932710059002,-2.24233150177078
AAACGCTGAACCAC.1_S,0,5.38249350348922,4.58769183869535
AAACGCTGAACTGC.1_S,0,4.68641948890027,4.32701158792219
AAACGCTGCATCAG.1_S,0,8.40019863713363,-2.76416631273854
AAACGCTGGTAAGA.1_S,0,8.55736973634956,-2.36081379899682
AAACGCTGTCTTTG.1_S,0,5.34655598530585,3.20467665636415
AAACGCTGTTTCGT.1_S,0,6.80113189980539,3.46186534212008
AAACGGCTCAGCTA.1_S,0,6.06135621254644,3.23937536119136
AAACGGCTGCTGAT.1_S,0,8.5969804953536,-3.01986532234589
AAACGGCTGGGATG.1_S,0,5.4546151542674,3.43423030890624
AAACTTGAAAACGA.1_S,0,5.89998717610973,2.68659915355364
AAACTTGAACCACA.1_S,0,5.26329850078391,3.49594047766919
AAACTTGAATCGAC.1_S,0,6.74756681681252,3.31966968952985
AAACTTGAGACAAA.1_S,0,8.16738269752237,-2.69757533489083
AAACTTGAGAGGTG.1_S,0,8.11407222034758,-2.65763439894351
AAACTTGAGTCTTT.1_S,0,8.47514089658475,-1.96149494363407
AAACTTGAGTTTCT.1_S,0,8.28821732297166,-2.76998843710385
AAACTTGATAAGCC.1_S,0,5.46629919671724,3.08572946761929
AAACTTGATTGTCT.1_S,0,8.41654117869507,-2.08327147038669
AAAGACGAAAGAGT.1_S,0,4.86970845447367,5.19515874088926
AAAGACGAACTTTC.1_S,0,5.29476148087604,3.39468928178388
AAAGACGAAGGCGA.1_S,0,8.05454593412956,-1.57027976396591
AAAGACGAAGTGTC.1_S,0,5.6695624520049,3.28439282238771
AAAGACGACACCAA.1_S,0,8.58446749596252,-2.31962326482554
AAAGACGACCACAA.1_S,0,8.13578537505414,-2.55732739722554
AAAGACGACCGATA.1_S,0,6.57727628555141,3.75958283351439
AAAGACGAGATAAG.1_S,0,6.84182144149389,3.3688774828341
AAAGACGAGGTATC.1_S,0,8.2184674722776,-2.70629357566907
AAAGACGATAGACC.1_S,0,5.56078739944653,3.02367389074728
AAAGAGACAGAACA.1_S,0,8.60090203387935,-3.01986325951869
AAAGAGACATCTCT.1_S,0,8.29095035296791,-2.22648006220177
AAAGATCTACACCA.1_S,0,5.32660674472073,3.26756732180757
AAAGATCTACTCTT.1_S,0,5.55565881303201,3.0393945800191
AAAGATCTCACTTT.1_S,0,5.36041394596024,3.49333666462133
AAAGATCTGCCCTT.1_S,0,5.08490489872511,3.36875480339685
AAAGATCTGCTTCC.1_S,0,5.68165873254684,3.09290331465845
AAAGATCTGTATCG.1_S,0,4.9912122414447,3.49491820055443
AAAGATCTTGATGC.1_S,0,5.81883329933236,2.8858257392707
AAAGCAGACACTTT.1_S,0,5.50180247827297,3.2339640010917
AAAGCAGACCGTAA.1_S,0,8.15304572143283,-1.67414024166008
AAAGCAGACCTCAC.1_S,0,8.81290280659701,-2.25843580958751
AAAGCAGACTTACT.1_S,0,8.77308293019069,-2.25002446301666
AAAGCAGAGGACAG.1_S,0,7.97050899755795,-2.25436226071167
AAAGCAGATTATCC.1_S,0,6.36433534173441,3.67275540887517
AAAGCCTGATCGGT.1_S,0,7.99246002246771,-1.9956106117405
AAAGCCTGCAGGAG.1_S,0,7.95371001561693,-1.94148499521312
AAAGCCTGCTAGCA.1_S,0,5.69852478346522,2.97290726950034
AAAGCCTGGAAGGC.1_S,0,6.01358303937503,3.31842108912975
AAAGCCTGGCATAC.1_S,0,4.92268505071315,3.46477607578473
AAAGCCTGGTCACA.1_S,0,8.68414352275785,-2.40071647018328
AAAGCCTGGTTCGA.1_S,0,5.65464806204614,3.00961374932712
AAAGGCCTATTCGG.1_S,0,5.25611782312243,3.25676818423644
AAAGGCCTCGTAGT.1_S,0,7.94294155047621,-1.83170266597395
AAAGGCCTTATGCG.1_S,0,6.57504140347694,3.78891926547848
AAAGGCCTTCTTTG.1_S,0,8.38917650895625,-1.89324945112303
AAAGTTTGAAAGTG.1_S,0,8.22574909464745,-2.81079555461054
AAAGTTTGGATACC.1_S,0,5.77616641011998,2.9803244940291
AAAGTTTGGTAAAG.1_S,0,5.91188499600674,3.30859245386128
AAAGTTTGGTTACG.1_S,0,5.8588011612255,2.82269956490331
AAAGTTTGTCGATG.1_S,0,7.98357817939841,-1.8709295165287
AAAGTTTGTGGATC.1_S,0,8.15656206137294,-2.34104555366365
AAATACTGAGTGTC.1_S,0,5.87612690182386,3.15203078636121
AAATACTGGGTGGA.1_S,0,5.00631591710783,4.91966466625731
AAATACTGGGTTAC.1_S,0,8.41225925638753,-2.05142315424721
AAATCAACCTAGAC.1_S,0,8.33265041755937,-2.09747660342695
AAATCAACCTTACT.1_S,0,8.08909986756021,-2.70917550454537
AAATCAACGAGGTG.1_S,0,8.68246168650976,-2.11043184810015
AAATCAACGGAAGC.1_S,0,8.21813204922375,-1.78712753316578
AAATCAACGTTAGC.1_S,0,8.47996209462135,-3.02504545145919
AAATCATGCCGATA.1_S,0,8.85602538855458,-2.154789041057
AAATCATGGAGCAG.1_S,0,5.41115253654988,4.7945778973894
AAATCATGGAGGCA.1_S,0,8.54118334096687,-1.97093908823954
AAATCATGGCAGAG.1_S,0,5.87862304308042,3.35238752964733
AAATCATGGTTGTG.1_S,0,8.597803717698,-2.34681548261555
AAATCATGTAAGCC.1_S,0,8.23512926097016,-2.41245499782615
AAATCATGTAGACC.1_S,0,3.47171545116715,4.71309217186417
AAATCATGTCCAAG.1_S,0,5.40423509936539,3.19990919846019
AAATCCCTACTTTC.1_S,0,8.58199841952925,-3.02590981279192
AAATCCCTCGTAAC.1_S,0,5.13153915197081,3.39798432676338
AAATCCCTCTTCGC.1_S,0,8.40642937593127,-1.89831855647352
AAATCCCTGAAACA.1_S,0,8.76210245871386,-2.53980909671172
AAATCCCTGAGGGT.1_S,0,6.24681590039011,3.6794213821775
AAATCCCTGTACAC.1_S,0,6.78475834756261,3.36148321673625
AAATCTGAAACGTC.1_S,0,8.5657673593632,-2.97116460924848
AAATCTGACTAGTG.1_S,0,8.13851332203607,-2.41591413003798
AAACATACCCAATG.1_NK,0,-1.47873492449943,-0.300295817858852
AAACATACGACGTT.1_NK,0,-1.49085756963882,-0.108384712573188
AAACATACTCACCC.1_NK,0,-1.43858223905802,0.271302550660998
AAACATACTCAGAC.1_NK,0,-1.43912928157101,-0.511066006067111
AAACATTGAACAGA.1_NK,0,-2.31509528578764,-0.552873709795179
AAACATTGGACTAC.1_NK,0,-1.81492825138233,-0.0581288558518569
AAACATTGGTCATG.1_NK,0,-1.52660977231142,-0.468361774370274
AAACATTGGTTCGA.1_NK,0,-1.53707698242935,0.669568305515817
AAACATTGTGCAGT.1_NK,0,-2.27141521349016,-0.52583576833421
AAACATTGTTTCAC.1_NK,0,-2.28328211049751,-0.942745120007706
AAACCGTGACGCTA.1_NK,0,-1.40058983243264,0.500363828845331
AAACCGTGACGGAG.1_NK,0,-1.78266222447202,-0.317838067706944
AAACCGTGATACCG.1_NK,0,-2.232323154047,-0.0561430857507017
AAACCGTGCAGCTA.1_NK,0,-2.29469175398307,-0.0147998890497592
AAACCGTGCCGTTC.1_NK,0,-1.82418121491306,-0.627950818512205
AAACCGTGCTCAAG.1_NK,0,-1.95673624552436,-5.84124529350305e-05
AAACCGTGGCTATG.1_NK,0,-1.24404553904209,-0.118550055066414
AAACCGTGTGGATC.1_NK,0,-1.27965664462802,0.896937639334683
AAACCGTGTGTCTT.1_NK,0,-2.03867941499458,-0.0958984175257851
AAACCGTGTTGAGC.1_NK,0,-1.47476286150891,-0.698779778284651
AAACGCACAGCCTA.1_NK,0,-1.6048929228358,-0.6366337684632
AAACGCACCTGGTA.1_NK,0,-2.32446332010628,-0.51653522996362
AAACGCACTAAGCC.1_NK,0,-1.208783192221,0.274622376878467
AAACGCACTAGACC.1_NK,0,-1.75408498940873,-0.295522256548905
AAACGCACTCTCCG.1_NK,0,-1.23021285717192,0.843123797843563
AAACGCACTTCAGG.1_NK,0,-1.52346513959968,-0.197832287427983
AAACGCTGCCCTCA.1_NK,0,-1.13210668042086,1.17562324928966
AAACGCTGGACTAC.1_NK,0,-1.86930412860653,0.376584712605514
AAACGGCTAAACAG.1_NK,0,-2.35736568382691,-0.473089623701401
AAACGGCTCCGTTC.1_NK,0,-1.18742445075222,0.440179703282483
AAACGGCTGTCAAC.1_NK,0,-2.31771532207495,-0.00644820999689211
AAACGGCTTAACCG.1_NK,0,-1.77725135812588,-0.00346764820880407
AAACGGCTTCTTAC.1_NK,0,-1.28147680479238,1.00789533134652
AAACGGCTTGGCAT.1_NK,0,-1.33061733016055,0.0704131898386855
AAACTTGAAAGGGC.1_NK,0,-1.53752809921613,0.516125075372145
AAACTTGACCTTAT.1_NK,0,-1.84847935133302,-0.395348044419628
AAACTTGACTGTAG.1_NK,0,-1.85632015527324,0.327250584001633
AAACTTGAGCCTTC.1_NK,0,-2.30987779141169,-0.878619234410965
AAACTTGAGTCATG.1_NK,0,-2.05646338966475,-0.246996406166808
AAACTTGATCCCGT.1_NK,0,-1.31326746345203,0.783709598068054
AAACTTGATGGTCA.1_NK,0,-1.83320386927215,-0.0647762383747055
AAAGACGACTCTCG.1_NK,0,-2.2144190832764,-0.95760111537379
AAAGACGATAACGC.1_NK,0,-1.80098055058488,0.27945129310691
AAAGACGATACGAC.1_NK,0,-1.36006195504537,0.247653624541803
AAAGACGATAGTCG.1_NK,0,-1.71268543621776,-0.195714977295607
AAAGACGATATTCC.1_NK,0,-1.16159781526767,1.2290085412113
AAAGACGATTCACT.1_NK,0,-1.75734132594198,-0.0865596744389272
AAAGAGACAGTTCG.1_NK,0,-1.65783220967764,-0.326920661928094
AAAGAGACATAAGG.1_NK,0,-1.7378707594144,0.723688598013048
AAAGAGACATGACC.1_NK,0,-2.09036374988565,-0.483308124728139
AAAGAGACCATCAG.1_NK,0,-1.63282792605468,-0.650775120878178
AAAGAGACCCCACT.1_NK,0,-1.20216066701899,0.357103801105799
AAAGAGACCTAGCA.1_NK,0,-2.43079364838716,-0.180637154530527
AAAGAGACGTACAC.1_NK,0,-2.17693803852023,0.063868696588075
AAAGAGACGTAGGG.1_NK,0,-2.18582709106482,-0.469004453343674
AAAGATCTACTTTC.1_NK,0,-1.81353609112913,-0.49176797565235
AAAGATCTCTTCCG.1_NK,0,-1.63884130240648,-0.598299603142049
AAAGATCTGCCAAT.1_NK,0,-1.44062021548989,-0.554401183176466
AAAGATCTTTTCTG.1_NK,0,-1.4986900145893,0.707894868184198
AAAGCAGAAGCACT.1_NK,0,-1.44620626096743,0.758815772034854
AAAGCAGAGGTGGA.1_NK,0,-2.06539722001043,-0.368637487282731
AAAGCAGATGCAAC.1_NK,0,-2.28323576058935,-0.787210603290903
AAAGCAGATGGTTG.1_NK,0,-2.24156385256833,-0.985263763214825
AAAGCCTGGATGAA.1_NK,0,-2.30949550059797,-0.152621113854828
AAAGCCTGGTGAGG.1_NK,0,-1.93387804515131,-0.202021104833038
AAAGCCTGTACTCT.1_NK,0,-1.34898038392933,1.03041820687774
AAAGGCCTAGTACC.1_NK,0,-1.8918873304381,0.124770081853411
AAAGGCCTATCACG.1_NK,0,-1.04905289044685,1.41435598428123
AAAGGCCTATTGGC.1_NK,0,-1.64729043415672,0.570907007934218
AAAGGCCTCGACTA.1_NK,0,-1.3767093822998,0.767558818638041
AAAGGCCTCTACGA.1_NK,0,-1.33120148478729,0.433645997116028
AAAGGCCTCTGGTA.1_NK,0,-2.37258791350471,-0.866391591023163
AAAGGCCTCTTCCG.1_NK,0,-2.34513466330623,-0.933468730751311
AAAGGCCTGCCTTC.1_NK,0,-1.32137321976668,0.0406533367799251
AAAGTTTGAAGTGA.1_NK,0,-2.28062039129141,-0.403178765159347
AAAGTTTGAGTGTC.1_NK,0,-2.12960999881986,-0.435797248145005
AAAGTTTGTCCTAT.1_NK,0,-1.21255737777909,0.747931874444753
AAAGTTTGTGCCTC.1_NK,0,-1.31984021734059,-0.266354682459651
AAAGTTTGTGGGAG.1_NK,0,-1.54803633481492,-0.379409056140974
AAATACTGCATCAG.1_NK,0,-2.10176533739248,0.142044571988574
AAATACTGCTTGTT.1_NK,0,-1.61364088482292,0.279421845815323
AAATACTGGCGAAG.1_NK,0,-1.634680629842,-0.732499411310791
AAATACTGGCTAAC.1_NK,0,-1.73975625919951,-0.766757612792401
AAATACTGTCGTTT.1_NK,0,-2.31361729407787,-0.161357341237416
AAATCAACCATTGG.1_NK,0,-1.90583199168987,0.338537377386726
AAATCAACCCTATT.1_NK,0,-1.3349881990897,-0.237058671210176
AAATCAACTCACGA.1_NK,0,-1.23414502995228,1.00553724029067
AAATCATGGGACTT.1_NK,0,-1.32982983050633,0.494375643048818
AAATCCCTACAGCT.1_NK,0,-1.94928631252867,-0.725625230041144
AAATCCCTACCTTT.1_NK,0,-1.45493719534119,1.04213356072127
AAATCCCTATTGGC.1_NK,0,-1.12005376212455,1.30527040829524
AAATCCCTCATGAC.1_NK,0,-1.54353314968246,0.017751860687615
AAATCCCTCGTGAT.1_NK,0,-1.04916074695979,1.41597803827146
AAATCCCTCTCGCT.1_NK,0,-1.67291202307377,0.623193665209311
AAATCCCTCTGACA.1_NK,0,-1.13364288459308,0.346772609223942
AAATCCCTTCACCC.1_NK,0,-2.2006332649797,-0.866894591641487
AAATCCCTTCAGAC.1_NK,0,-1.55556577924346,0.837970750087977
AAATCTGAACGACT.1_NK,0,-1.2294807429875,0.832972303356823
AAATCTGATACTCT.1_NK,0,-2.09366415169149,-0.3853809599566
AAATCTGATCCTCG.1_NK,0,-1.3363057399969,1.0359079634333
AAACATACCAGTCA.1_N,0,-0.49468250962021,3.29908242252483
AAACATACGGTATC.1_N,0,-0.386067787833131,2.47912577520996
AAACATACTCCGAA.1_N,0,-0.548886190288329,3.24056942433414
AAACATACTGATGC.1_N,0,-0.405632158019793,3.78226454901098
AAACATACTGCACA.1_N,0,-0.88508396522205,3.50315728670566
AAACATTGAAAACG.1_N,0,-1.04023260819288,4.03472432278831
AAACATTGCAGCTA.1_N,0,-0.807638416179965,3.32410775370134
AAACATTGCTTGAG.1_N,0,-0.784277537294127,3.34567236139721
AAACATTGGAATCC.1_N,0,-0.315131652433949,3.0234897721801
AAACATTGGCCTTC.1_N,0,-1.04986452318309,3.79800666228569
AAACATTGGTGCTA.1_N,0,-0.645504919318562,3.61686793882079
AAACCGTGATAAGG.1_N,0,-0.168857364518233,2.76616296464694
AAACCGTGCACCAA.1_N,0,-0.271662618394744,3.35710867385362
AAACCGTGGCATAC.1_N,0,-0.860321300972141,3.93922432653544
AAACCGTGGCTTCC.1_N,0,-0.477204305531002,2.94985937074427
AAACCGTGGGTTCA.1_N,0,-0.429260102191186,3.42846547311653
AAACCGTGGTAGGG.1_N,0,-0.335117488158501,2.6521979831092
AAACCGTGGTGCTA.1_N,0,-0.972982728685689,4.17917244855704
AAACCGTGGTTGTG.1_N,0,-0.975537624796289,4.23574933581667
AAACCGTGTGCAGT.1_N,0,-0.566409465692768,3.81718914910229
AAACGCACAAACAG.1_N,0,-0.77948134959388,3.7377860477538
AAACGCACAACGAA.1_N,0,-0.147689245963968,3.98122708495705
AAACGCACAGATCC.1_N,0,-1.15844257773304,3.95844289643687
AAACGCACCATTTC.1_N,0,-0.979755204066819,4.61411355682342
AAACGCACGACTAC.1_N,0,-0.456670393928297,3.7317569156993
AAACGCACGTGCAT.1_N,0,-0.495900552928672,3.64918183751457
AAACGCACTCTCTA.1_N,0,-0.384604278242508,3.17602035428773
AAACGCTGACACGT.1_N,0,-0.63711704241834,4.39855805384816
AAACGCTGACCTGA.1_N,0,-0.968923972280344,3.4839249354747
AAACGCTGATAAGG.1_N,0,-0.500456009371213,3.90646494810737
AAACGCTGCCAACA.1_N,0,-0.182122463410091,2.56229849535127
AAACGCTGCTACGA.1_N,0,-0.422811901988473,2.47433984972863
AAACGCTGGACTAC.1_N,0,-0.140356320449757,3.57490900850155
AAACGCTGGGTATC.1_N,0,-0.398878470231962,2.83466301063665
AAACGCTGGTACGT.1_N,0,-0.608093491596713,2.96432887780823
AAACGGCTAGCTCA.1_N,0,-0.080987362562559,3.71637963843303
AAACGGCTAGGGTG.1_N,0,-0.166562665440071,2.59058676155905
AAACGGCTATGTGC.1_N,0,-0.680225193134723,4.32443409093334
AAACGGCTCGGAGA.1_N,0,-0.30792126963209,2.99588543787821
AAACGGCTCTAGTG.1_N,0,-1.15516707919959,3.91950599469799
AAACGGCTTAGCGT.1_N,0,-0.813508539163307,4.62510675420302
AAACGGCTTGAACC.1_N,0,-0.254617040302184,2.68757480158396
AAACTTGAAGTGCT.1_N,0,-0.792169823286324,4.28980441617414
AAACTTGACACTTT.1_N,0,-0.803961263469045,3.88359170562691
AAACTTGACCGCTT.1_N,0,-0.908515321104264,3.56128195537655
AAACTTGACGGGAA.1_N,0,-0.687764131588501,3.31009330529811
AAACTTGACTCCCA.1_N,0,-1.03933525643135,4.11882031507028
AAACTTGAGGTGTT.1_N,0,-0.758761448931472,3.242636740758
AAACTTGAGTTCAG.1_N,0,-0.482442124405818,3.82215254676296
AAACTTGATCCGAA.1_N,0,-0.207512677815262,2.87954074857795
AAACTTGATCCTTA.1_N,0,-0.37363276895848,2.52660697105409
AAACTTGATGACAC.1_N,0,-0.435209597256373,2.67289204473925
AAAGACGAACGACT.1_N,0,-0.581722909254028,2.80388526787602
AAAGACGAAGCGGA.1_N,0,-1.02872206402482,4.51969733318572
AAAGACGACCCACT.1_N,0,-0.327947075600332,3.19211735860327
AAAGACGACTAGAC.1_N,0,-0.336801366381064,2.49861150521669
AAAGACGACTGTAG.1_N,0,-1.13709504764325,4.17614816032375
AAAGACGATCCTAT.1_N,0,-0.760634564754102,3.28540531448544
AAAGAGACAGTCTG.1_N,0,-0.745118345090983,3.91160345257701
AAAGAGACCCTCCA.1_N,0,-0.799498858797159,4.38729086204458
AAAGAGACCTCTAT.1_N,0,-0.312704534496517,3.69672357721355
AAAGAGACCTGGTA.1_N,0,-0.936354938657216,3.76003921970137
AAAGAGACCTTACT.1_N,0,-0.283365873153642,3.39910551644781
AAAGAGACTCCTCG.1_N,0,-0.455354131025639,3.3627701675957
AAAGAGACTTCCGC.1_N,0,-0.828463226051612,4.60488681643685
AAAGATCTCAGTTG.1_N,0,-0.405896010131118,2.41583612742601
AAAGATCTGCCTTC.1_N,0,-0.359891725628193,2.7130213438785
AAAGATCTTTTACC.1_N,0,-0.873209636609174,4.18345693975793
AAAGATCTTTTGCT.1_N,0,-0.949837296801265,3.97304164189951
AAAGCAGAACGACT.1_N,0,-1.15144464804156,4.37712167301986
AAAGCAGAACGTTG.1_N,0,-0.447775604117405,3.35484764425965
AAAGCAGAAGAACA.1_N,0,-0.331679755547807,3.00278733636117
AAAGCAGACTACGA.1_N,0,-1.16735585821351,3.90332942243148
AAAGCAGAGCTAAC.1_N,0,-0.51694226587032,4.19539885392785
AAAGCAGATATGGC.1_N,0,-0.507655224348118,2.53946495587928
AAAGCAGATCCTTA.1_N,0,-0.829099050004709,4.15953682862955
AAAGCAGATCTTTG.1_N,0,-0.569109628167865,4.01582901856135
AAAGCAGATTCGCC.1_N,0,-0.135061000619326,3.4026638407357
AAAGCCTGAACCAC.1_N,0,-0.907492982554297,4.32473575114282
AAAGCCTGACGGTT.1_N,0,-0.355869945169813,4.32174991229468
AAAGCCTGAGAGGC.1_N,0,-0.682559884386232,3.31714438438655
AAAGCCTGATTCCT.1_N,0,-0.954423031891724,4.58031492744472
AAAGCCTGCTCAGA.1_N,0,-0.89412299735985,4.47434450872635
AAAGCCTGCTCCAC.1_N,0,-0.846304414925727,3.98633864379442
AAAGCCTGCTGTCC.1_N,0,-0.837730314941319,3.82883400039262
AAAGCCTGGAACCT.1_N,0,-0.527395372661942,3.02463930437674
AAAGGCCTAAGTGA.1_N,0,-0.694852654305103,4.03967498973963
AAAGGCCTACGGGA.1_N,0,-1.07573470236473,4.20629962090685
AAAGGCCTATCTCT.1_N,0,-0.31485539526349,2.61621424857448
AAAGGCCTGACACT.1_N,0,0.0325090833409813,3.31294995522277
AAAGGCCTGGCAAG.1_N,0,-0.209920937699779,3.57890499424471
AAAGTTTGACACAC.1_N,0,-0.0287326258004779,3.5391605602408
AAAGTTTGCTCCCA.1_N,0,-0.635047280172532,3.08608779896163
AAAGTTTGTATGCG.1_N,0,-1.0496402619022,3.6402930963544
AAAGTTTGTCTACT.1_N,0,-0.66305637362923,2.96231636305972
AAAGTTTGTTGCAG.1_N,0,-0.0842553018748751,2.95529603611769
AAATACTGACCAGT.1_N,0,-0.590477058460512,2.77168482761627
AAATACTGAGTCTG.1_N,0,-0.792267572994572,3.35547967957147
AAATACTGCGTACA.1_N,0,-0.682180142783325,4.08587641867775
AAATACTGGCGAGA.1_N,0,-0.618435399630498,3.59761048492911
